doc_id,author_id
99c9131c-1a98-4f7c-94e6-a0ffebe478f9,133cece6-2a8c-496c-9fa1-9183d74be4b0
b927b6c2-3a03-44b5-8435-6b124f66d6fd,659a65b5-121b-4cbc-914b-71dab649b122
d4e7bd68-f1c9-49ed-9719-8bdae3e269f6,7c15ec22-7053-4f07-b1a2-74c176c7534c
746ce3e0-75d2-4970-97b2-fc302661f0cf,462cbaf6-6b32-4949-962c-22281cfb6b44
98b67984-f51f-4983-8a61-70b4c5d91227,44bafca7-2cfe-4f8a-b106-6bb81e37871a
0674c6e0-434f-4ff5-a121-c64f66e895d1,efe2cf70-2fc8-4ed3-83be-c41b4d525da2
a397f7e1-7ac7-41ad-aa6d-e2a0afa3b25a,2d49352c-72f0-4952-8024-9ecb568c76bb
179a815d-f5e2-42d6-af56-52fb7ac77a36,3d503a7c-1c40-46fd-b7b8-49bfc0e20be8
3016d460-b4e2-4037-8a5e-688dd20e97a1,289fcd85-13d9-4dfe-9126-8526bcc767b9
a21cfb0c-475c-49c8-aa14-ebc53d46a6aa,1d4a1154-9b14-43f4-9ab1-a48172898616
ef29cabf-e34c-467d-ad3f-a1b22d47bafa,39e6b2fc-60d8-4f0e-a4f4-04b2a02b8a75
6d055382-ac28-4805-a7bc-48143515363b,9cec721a-3941-4f66-910c-9b790b6c3f4e
a4acd8d0-8c52-48a1-848f-ee32b96b8359,d923037d-c759-4398-959b-21671e44b67e
5409a308-de63-4937-864a-3665ffcbb573,13010fbb-67dc-4ef2-90b9-b87bd2d8ace8
b7745a5a-66a0-4d63-b668-f24b3199b393,282d3128-d894-4305-b42b-be4e9f7dbce9
ceca4e45-17bb-49ec-a0a5-2d4b02acde77,c98680ba-3040-4ca5-acb2-55b0aa054f59
5743fa3b-ac70-4978-b663-a9223e27be2c,078075ab-1f59-43ef-aad9-d8d5d147da9e
c41c9272-a77b-4657-82b5-b065fd8c8728,47930882-0456-42a3-8f59-61f3df930e8c
089d58df-45df-4596-9f1d-c85a3a10b141,a413d85f-f6b8-49dc-a670-d0a17e3e06ff
678a7219-b3ad-49cc-8c5c-487e6ccc393b,a23bd48a-787b-42ce-9585-a1d5120ffac5
3c03ccc3-e2fc-46f8-ade0-9d2b19edcfe1,97d63119-b966-4b67-932a-bd874e83facf
885cd1c0-abd9-4e22-bf3f-d448bdf02de8,8c5027b9-17d6-41d6-a41f-ce3a6628dfb8
1c89727c-2c4a-48f5-b255-23d6444ba6cc,47265e49-afe7-48a2-97e5-bbaabc1cbebc
f3b2dc11-4e9c-42b0-a184-4dbfd6c4cf8e,71a7ae33-09df-44aa-8bf3-d9e007cbf7a9
9a3914d7-ec45-4112-a149-7f5e6c103068,05d5a2ca-0e86-4bb6-83bd-36ac528414c5
f8a495f7-92c3-4260-95fe-ed095334a6bd,c0eb941c-4810-4297-860a-aabc2ad47e6a
d30a9f94-0a82-4540-8eeb-8d5e2076c4db,5bfc16c6-d464-4f07-a017-4f80ac6e26ae
1fc7abaf-1818-4d04-80c5-b040bd858777,a7754e59-0474-480f-a9a2-870f336dda67
6100cc6a-64d5-4995-89a8-946cad39530c,2fe56515-5563-47e1-9511-dbfcee8e80d5
c6952ba7-e496-4782-8529-0fd0eda4b197,be60b129-6f8c-4bba-9353-66ba11010da8
8990972f-d77a-445c-ae4a-6415cef93ce0,10586dbf-78e5-4b52-b127-ef24f64c588a
5f1fe916-a982-470f-beff-99e087d26389,a92563f5-a186-4b71-bb83-81040bca85b3
4592cd6d-e09d-4aac-9cd8-d0832b25e76f,b72374f2-293f-45cf-9489-68de50e71a3b
2d4b1249-6919-4b54-9461-4a8b07d076d0,2d67188a-c0ce-4f4e-afb2-316bd142667b
05f1fc50-6306-4bec-8f36-b3f66f8cf217,af669568-7a4f-421a-a58a-c3177b452696
c261cdc2-b09b-4b5d-9116-f839c5b7e5d7,57f59511-da29-4928-a0a2-cb645a015139
83fb6cc0-d840-47db-9689-11a1267383d9,893107fc-db75-4deb-a33e-820c14757bd8
003b2330-2ec2-4dfe-be84-484672b314c0,7dc8ea8f-1dd9-4f78-990a-c7dac32d9900
10153c57-b839-450d-80da-0817b27385f9,e246b139-fe47-4ecf-af00-f4193b2b5b8a
aa697237-cc71-4aa6-866a-86237f73a82f,491d361d-1a1f-470c-9234-d517aacc5e37
1b644a2b-aecf-46cd-bb05-fe15181c3fd9,7c21259e-ab45-4542-b67c-9bcb6d78570f
d520fa0f-b26a-4a87-9be4-67840e5271fc,ea2238fe-2559-4529-84e7-1ff429aee183
0f433159-ccca-4088-b2d5-eec13be1756d,d3c91383-1e74-48e2-aa4c-87471514e9a9
ea4fc33a-b212-486f-aaa5-3879ae24b0ab,187f7353-0b52-495a-b04a-dfd466bec556
d30454ea-91b8-4a97-b110-c30d39f45acd,d977cbd8-7c25-43cf-986b-27db2459014c
0355f15c-42c1-47f6-8b44-1b04820a9862,89424e6c-5a4c-445f-93ab-605b018dcc50
cf616386-f716-47e0-bd83-0fc5f208ce84,7ba47120-19f6-4e47-8282-159382838be7
f775a01e-9093-4d64-8686-093320288500,426c5d3d-5f3e-4789-a0a9-5ad2bfde9cee
ab28616c-33b8-4a31-9829-441c8d155fb9,069df954-be7d-4b42-8f0f-3ddcf26aded7
1b1cbc55-612f-46ac-ba64-70c7370e4e45,4e340610-7852-49b7-89de-63248b061d98
ea4fc33a-b212-486f-aaa5-3879ae24b0ab,c0656b3d-fc2f-4632-94d7-9a788dc52487
13f98705-9755-4814-b52d-c26321d6cda0,d602e98c-8f5a-47c8-8c4b-8ef274887d49
51407db6-f5b4-4f89-a13a-eea3bd9b9df1,624cd470-7943-42cb-9145-66a58ff86977
e87d7b7e-338a-423a-a947-c89d14482e40,e07bceae-4ca6-42fb-9ec4-5c3ae35f9883
25843d80-daaf-45c0-a7a0-9c9b481045f7,70f2d2da-28eb-4c47-8bcd-76ccb1839424
f4024d02-be5c-4702-a935-8e91ba3c6d03,321daf18-8a13-41fe-8894-86af21d2d147
fd138df4-b70a-497d-9c77-38b166c3fcbc,4ee30d25-2d5a-4995-8670-374772846540
d078efe7-3ad0-467c-9b9c-e371c3191a32,9390674e-591c-4e0e-a440-c85b6b284a2c
7efa3a9f-f56f-420d-94da-1969c811ba9f,4181e3c9-500e-498e-99e1-865b6f603f8d
35caff30-77ea-404e-be75-dcff419577b0,cde913cf-c0b8-42a2-8271-f880b29a2659
d7555ca5-f286-4822-ad11-07c54290b34b,3c0f0165-3a5f-462b-ab9c-eac5030a1493
b2f674d7-6d74-4aa8-bfd7-fe62ad7cfe99,d35adec6-312d-40c7-a0ec-f1792d7b082e
e91ff376-6785-4fd9-8932-662a41acdd6a,b72374f2-293f-45cf-9489-68de50e71a3b
566a9ac3-9d7c-4174-a65f-191a44f51e49,115c68e9-28cf-44b3-a805-3993a5769049
0ff19f30-bdb8-4790-b37d-b880a2cd4ca8,a4d196e1-4665-4bc1-aef2-27ef7ff632a1
6a047f16-e666-4c8e-97e9-0e115fd47276,5085cfd4-81c4-4ba7-a0c6-35174da8642f
7d459c4f-b4e7-4e07-829a-aad1df6c3cdf,387917e9-a933-4bca-b13d-ab569428b38e
941a99e7-2015-47e1-b136-81f5e5332b01,4e7c372f-375f-4642-adad-a2a957ce61aa
b22b4acf-a6eb-4dc5-8ea9-a49e0ce83ffc,f9d88348-f021-44b9-9320-fedb6acc5ec9
7d22e258-45f9-489e-824f-739e64d3ff69,0c9321ee-4a8b-43aa-a6f9-6668810836cb
bb1a0710-7d3c-4c7f-8e92-702a08148ced,2c894cdb-c13d-4fc0-921a-5962d1f82b60
7efa3a9f-f56f-420d-94da-1969c811ba9f,2701d24f-e2f4-420a-bae1-4fc69256182e
8c0ddf89-201f-4c76-82fb-8a1b75cb856b,a7754e59-0474-480f-a9a2-870f336dda67
9bfa99a5-4993-4ea5-abd7-fc20d4b307f6,deaa549f-d88c-4e33-9139-cb7795889f6b
7972fe78-3303-4b1e-984b-b273b28c7060,571d0c27-6b3f-463a-b64c-8c3e0e1f9c8a
92b2b8df-27b8-4e44-986a-cc7860b2b623,b11404b0-5865-494d-a897-e8238f383675
323962c5-527e-4ea3-9cf1-0c13cd16c893,bae4b85d-b3ec-4346-874d-07ebc9d8c6fb
0b2d53cf-53f8-4aa6-901f-2fc5f67fe1b1,e246b139-fe47-4ecf-af00-f4193b2b5b8a
9d21b6c2-9eb7-41a9-908f-1d7288a07d58,2b6d38c0-b5f4-4dad-99ff-48879e2c283f
7c52fc29-3d00-4780-8a4b-9fb5ba688939,53102bf2-01c2-4462-9247-32be527f897d
3089b836-393f-4867-9f24-b08bfed1aa79,e76ccfff-fdde-43cd-86d5-94c247fdcd50
ff6b06a2-ecf6-49bf-ba16-f35315173681,a84cbc21-dfa7-4126-8915-65496914a115
eadef8f9-bd08-4a38-98cc-d74cbd2e48d4,4a2c1cb3-bfc9-4720-b562-89e9f9711476
37df8925-98e1-48e8-b42f-7b7ce626586f,91c2137b-a783-4135-be7f-ae8d8905eb60
46d5bc93-71c8-4b2f-b8f8-e100fac34567,245581e6-ae3b-4ab9-a6b9-de7bfa08b103
76633ce7-3fac-42ff-8f4c-98c4eaa73d30,21620f21-e166-45e2-8f7a-8337f966163f
e8ab11dd-151d-442b-9366-a552ecf4d30e,45b032eb-fc70-4fe3-89ac-19084d230a32
96ccb8b8-335d-4fb5-87e9-b24d00b22a57,7b67a2d6-f630-42b1-9f4f-6c3206ea7fa7
02a55b34-d531-46f8-a851-7542375a1384,76779957-4e7f-447e-a5cc-dfae3e233d88
53c0a97a-f5de-4232-a437-f0a9bf48d6bb,5631a008-2f58-4aef-9046-686ee20a5e41
811c0185-0ad3-4cc6-a80b-9fed8be8a777,ef9a34fb-df91-4777-8f41-fc0a8f64b850
d078efe7-3ad0-467c-9b9c-e371c3191a32,d3703929-5687-4cd9-8aaf-4d55b7aeec0e
4f7c065e-f22d-46b9-9659-3c700e1889a5,115c68e9-28cf-44b3-a805-3993a5769049
4262f889-fb8c-43e5-b446-ef731dabc4bc,45a8e1fd-de36-41ad-86bf-eaa620fd13f0
370528c8-dd37-4c3b-bcae-56275483581b,5113afba-6a62-416f-bb74-f6340229cf93
b080f7ae-3333-475c-9c65-0fc7001a48fa,7ee12773-a7da-414a-a7f2-efdff4ab2e27
2f2a10d0-7950-49be-9e7b-6931aeb6c395,6c7e4edc-c98f-47e0-b108-c0c9be13e836
370528c8-dd37-4c3b-bcae-56275483581b,759e78a5-f928-413a-baf9-f7a67163cf26
f4476823-0697-49b3-b036-a2322b71cbc8,9f9b2b25-f43b-4489-9fa8-b20e7a1c0aea
2738f81d-10f4-4304-80da-f5d75dc40aba,71bd3d90-31fa-491b-9c4e-44d0ab3eece4
01ce6e6c-73c7-4eaf-832d-251ad31109ad,75ab3ac6-b567-4d2e-a92e-40281bbde6ed
4d3fc2b8-f3f8-4e31-a7f2-c86dd47f5bd2,9f6012b6-28cf-4774-a7a9-23adc7e40647
a168f967-d5fa-4110-9441-b58ff26ef7a1,5e4d703b-b24c-49dc-a9a7-1a899e423193
f9c165cd-4b81-4178-a3e8-3edbca20672d,a74763c9-97e1-4c6f-9e18-1104fed9b518
700fc1f3-031a-4fe4-8424-e71b16a34bcc,68d909c2-e37f-466f-b6b5-ef841dc14da0
a2343feb-eb27-41a2-a719-a622b728c949,684a9e1a-7770-4319-b417-944d0fd3904e
a952a476-8966-49f7-af66-7214485e20c8,14406a8f-8cae-4388-9b6c-c46203d7f567
e5923b61-1f21-44d9-a286-ae1b67a619b8,69f4074b-ca9e-4f8d-93c5-04eab1249584
448d342a-6c9b-4726-922b-77688afb1c12,25efa75c-e852-4392-b517-7a6326ce9db0
12742227-0110-438a-b9f9-6388c55a7d01,e07bceae-4ca6-42fb-9ec4-5c3ae35f9883
6e59ebc8-a77f-46b6-8284-3572d70c7ffc,e15bf3c1-5eae-4e0b-a903-fca764f2a88b
746ce3e0-75d2-4970-97b2-fc302661f0cf,2c4fe128-c811-4c05-9e14-69a329b0c362
1e480920-b99b-45fd-8607-000c898fd8ba,e22f14fd-d4a4-46c1-b242-67fb66d44c80
580b5e6f-916e-4c34-84bf-89720eb0ca26,41f38893-1322-44d2-9342-ef9a469b8a0a
86a8f5bc-3854-4605-99c7-b1190201659e,5657c534-96e2-40ed-a9c5-4f10c68c7ef4
4301d91b-94bc-4a90-b252-951bccb8736d,64717d4f-5bc8-4c17-bb5f-813ed7433212
ae377c58-2521-4a68-abce-bd98623cf789,a413d85f-f6b8-49dc-a670-d0a17e3e06ff
76d22510-63dd-4f49-8602-9176e19cd114,a7a2492b-d719-4015-8e75-6e6ded472a40
057c34e3-5a07-461e-bef6-2789a6cb354c,035d9bb2-57c1-43b0-8902-17307945849d
bd5a3ce0-5142-4f71-aa6c-d09cc1d36c27,bc1be8bd-9d72-4a1a-a742-8334c4468923
6a00b7fa-f95f-413b-b73c-c322db14cf1b,34494470-8dfe-422a-81a2-b9377105df2c
5d444319-f563-4160-bfb1-305724c56a11,e319d7e0-bf13-4d1f-bacc-170407927c49
a973a2ef-541f-4f53-bab2-3c506e47b2d4,9da931cf-b768-48e9-8660-b5671d16efa7
c22685b9-4ef6-4809-bf30-39261d07e4e5,a6100649-d511-4ab3-9156-242be6c191c4
ffb95c97-4992-4892-bf2f-1a862d136e72,52e2b143-6c58-4919-9848-4829774235bf
b81b2825-80f3-49f2-ad04-06bf3b40c4b3,9c2c5252-3005-4419-afc0-77d522e73c4b
64d66b79-56dd-4fed-a815-87fc37d08142,289fcd85-13d9-4dfe-9126-8526bcc767b9
8c1ee948-7a0e-453f-a5e5-b80a0456e225,0418f2fd-c81d-4edc-a3be-b3375c9d18cc
a8899b53-1b21-4756-a16c-6d20d2a62108,7be2791f-7335-411f-b9f6-20170d43f20a
f8d3aec7-3031-4c28-81b9-ddb4b9e38450,a84cbc21-dfa7-4126-8915-65496914a115
d196dbd3-2ae7-41ac-b7d9-9030b7bec32e,4b8a6feb-5cdb-4062-be5c-f2b4cb5867b7
917a52de-3c47-4cf8-b021-b5671131a2b5,d122a6ea-e588-43db-9e74-106d8ffb5564
4d546456-4ac7-4d3a-9baa-3d48985d1ee3,10586dbf-78e5-4b52-b127-ef24f64c588a
a163c7aa-57a3-4cc4-a8b3-d5480390bcee,a19de3fe-aee0-4825-ba0c-30e47bdd3e9a
3ad10606-29e1-4eae-8f20-63992efaaafe,114fbe26-39c7-4e16-a388-62cc272579c6
e024f82c-5c42-4a7a-a099-3dea9e8e2799,40b1b995-1b16-48f5-ab5c-d30ce2fc7281
57a7e624-4197-44fe-9855-90662e88412c,daa347ad-1f47-45f2-aea8-53dddbf863e4
3e1c26f1-ac03-4782-9db9-e595c02e31a3,190b6b41-9ea9-4bcb-95ad-fd5c217d63fb
539705a5-47c6-4c88-b151-2269635c1aff,7979c5b4-1a53-4489-928f-ef6560a3a128
f8e35f7f-6866-4597-9837-afe8d59c3769,7ba47120-19f6-4e47-8282-159382838be7
4f5e7666-0729-4ebf-b75d-781e9c22ae2b,1418b4e4-c19d-48c2-a255-fe5b47c09a83
a673899d-fdf9-495e-867c-ebab0d1c99d9,cb199af9-1e50-46f1-95a1-c80bb9facb0a
24a51a60-1ff8-46ff-b55c-046e7021013f,47265e49-afe7-48a2-97e5-bbaabc1cbebc
c0456236-3352-48f0-b5ba-1e82abd6ac72,b11f9158-1322-49b2-82ed-c8136b928151
46d469b6-9f6e-45cf-9ddb-37f76c552247,7058ded4-4a96-4753-85cb-6123b597dcda
31c2e4f7-3e86-451c-8151-ae714021fcd5,a7a2492b-d719-4015-8e75-6e6ded472a40
0fb7e4ae-d106-4441-bf09-a43159d1a243,2ed9a26a-7646-4a6b-9265-4a868fdfeb9a
5c0002f2-ec1a-4b35-870a-3ca9595090b3,30874e85-e872-4169-8ff4-68e792526177
a262d31f-2aad-4ddf-843e-7f5c293e9a61,9df9f23d-0702-4ad7-9e25-bb24ed7d206b
462cfb3e-b2e7-4c90-abd0-ccf40d14798b,48c4cb9c-4d35-4216-8d0c-e6b20140b788
42e002a1-9383-40b6-b0d3-dd9cfd00f412,b36a257d-e2ee-4f92-91f5-6a626c4c9180
4da67cf6-70fc-4aab-ac20-2330e0eb1385,0bd34ba5-0e41-4cf7-bbd3-96e115cb79ef
be2b80c8-9a24-4461-acb9-8c247fcc80d0,33305d04-a325-4ea0-b973-d06d173cc8fb
e7c35e29-023b-418a-aa50-7b690e578791,ecf457b8-a29b-4e85-88e1-1852fc509c29
167d13b9-da87-4bba-a662-8e7fd0012842,d707d2f7-b5b4-4e08-9c0e-cfd977f17de5
6eab3cdc-917f-44f5-a545-f69a31527fe2,e456068f-2a54-471d-b036-f4d07397fdd2
7aab01dc-9116-4195-ae86-6b23a902d777,f444c3fb-4a6a-465f-aaca-2a95a1bf157a
5581e6af-c18d-4b45-9228-41184ef72028,24733057-c894-434b-81ec-4ead7b3f177a
d3a0d8f7-15c7-4666-a1bd-8e5bf488ca9d,801695bc-0a66-4cb2-a81f-8f8d620b538d
dcf8d6bf-8e6e-4602-8191-5aa94cdaa0ee,9b1ba270-5db4-46fc-8026-2988fc0c8c32
179a815d-f5e2-42d6-af56-52fb7ac77a36,659a65b5-121b-4cbc-914b-71dab649b122
7ea42138-895d-46b2-b9c3-2ad17e2a3c88,4858603e-5e39-4744-9cbf-513a95e4d2f6
cb5c3391-05fb-4fc2-ae2b-6c6f8283a2f6,c04faa76-562f-4527-9e66-913b70da9bda
9090f963-7b09-452f-a169-aee6f47aa6af,b407b79d-67c2-4b96-9c6a-2ea4b949ba70
c4abc37a-b0a2-4342-b7eb-4bc607708317,d9c5be28-aaa7-4c72-8288-9c2103556a64
70fe0758-8a32-4a0c-9651-79f1b2cc1061,7495325b-90dc-4372-a846-d2169e33e08d
09e115f0-d8f2-496d-b8f4-012f437faeea,9483801c-3275-476b-b276-2b81a10798e0
da55912b-514b-4604-8235-d8f0139d8c64,34e36bee-e8bb-4ec3-9d41-8318f5865fe8
ae080aae-7849-484e-a34e-10c3c31b1767,9734c35f-4c3f-4ae2-98b6-c5188358da30
5c863889-53e4-49a4-8771-9f45e6188119,4c9f9ff1-bfbc-46e8-93bd-80ee4565f7b1
6d5b5032-56af-4a4e-95df-cfbe8cff7d93,db60da28-f91b-41cf-bae4-842b8921027f
5461b374-47ac-4886-b188-4bfb22cb67d4,79576ba5-ba1d-4996-83e1-7dc3573117b6
4262f889-fb8c-43e5-b446-ef731dabc4bc,dda8a7d6-8b1d-4021-8d27-35ecda09c465
e0029257-241d-4f81-9764-3338996d45fc,9768dc3c-856d-4775-a8cf-7f57af9ee662
dacfee73-ec6d-4b28-9bb4-1915873fd00c,189c6a6e-1181-4c65-bfde-7e82ac22c69b
4d97dddf-f047-439d-a4d5-9d103506216a,c35896f8-f8ac-4509-a55e-35bd956bc19f
d4e7bd68-f1c9-49ed-9719-8bdae3e269f6,0bd34ba5-0e41-4cf7-bbd3-96e115cb79ef
7228f012-1518-46a7-8727-ea2885d382ac,b75d2bc3-5a1e-4fbc-a7c9-a1e797e9090a
53c0a97a-f5de-4232-a437-f0a9bf48d6bb,7699a8a9-9bc6-497a-8947-00bc7fb05098
be2b80c8-9a24-4461-acb9-8c247fcc80d0,55378862-d8cd-4759-b89a-6a46ca4dd38d
6d5b5032-56af-4a4e-95df-cfbe8cff7d93,2657e9e2-752f-446d-bdc4-1041c5d7f1cf
f1eef1f7-e537-417d-a099-599bac583ef8,74ed3513-33ed-4f77-9fbf-b6e52971eaae
b8e3408c-3f9a-451c-af6a-a023a8497f2f,617f6cf7-0b5a-42c0-88e2-d92314fc70b8
29c2b161-dbcf-4907-b47f-a6bb3bd3e1e3,a8923dad-2213-49de-b6f4-a4b5462e30bc
fd3ece4e-4706-41c3-be86-20543732d26f,617b30be-09bd-49c1-9190-183cd209c0df
089d58df-45df-4596-9f1d-c85a3a10b141,995d68ac-57f5-4947-a35f-dbbb7886abcd
dacfee73-ec6d-4b28-9bb4-1915873fd00c,fb491da5-72ba-47f3-a80d-946af7785c93
46d5bc93-71c8-4b2f-b8f8-e100fac34567,5631a008-2f58-4aef-9046-686ee20a5e41
a163c7aa-57a3-4cc4-a8b3-d5480390bcee,d122a6ea-e588-43db-9e74-106d8ffb5564
cf616386-f716-47e0-bd83-0fc5f208ce84,1b7276c5-4a09-454e-9c34-3110e3e145a3
35caff30-77ea-404e-be75-dcff419577b0,680e5bd9-8ca4-41e1-8651-b12ca02d16a7
7c52fc29-3d00-4780-8a4b-9fb5ba688939,7979c5b4-1a53-4489-928f-ef6560a3a128
73feff7e-842e-4a74-877d-94dd7e43f698,90bad1e9-9028-4b65-b369-e053f5d0b260
fcb3b523-a0db-44c4-8d70-455fd6f03f38,f8053090-a438-4079-a82a-6e049dc2042f
03e322c0-c88c-41cb-a86c-8b3d9cd4fa5e,a0813018-ef71-4e63-a575-8a88d7e68856
8db7ea9e-0c98-42fc-ba8b-c0c3e181a52b,ba55c086-0261-4279-8921-6907956645bc
e10e8f17-334a-43c0-981e-cfa0b11eba62,7da9e0c0-9665-4cf0-9af1-f6fcb90c05a0
ab620a80-9959-4844-833f-415279ba890f,ba55c086-0261-4279-8921-6907956645bc
8820bbd8-7c12-402d-a83a-3f2b559facab,602d053b-006c-4822-b643-69b819784ea2
89d5d993-79f5-429c-81c9-21efb9674f38,094db652-4f49-43ef-836a-efcba69a54a5
c322850d-3525-4ed4-a554-ec2f4776077d,0d88fe78-e0eb-40f0-b237-2b3efcd829b6
34d211c0-023e-424a-a1b2-0875583366ee,41a3ba43-962e-4dcd-b06c-c646f985ecab
53c41f7c-26fa-4fea-ba52-67b40529f799,b67e5927-5127-43df-97dd-22a66f985cdc
2ad1612e-6c09-4937-9416-d3589d0010af,cc88d518-421d-4997-91cd-ada408c6de3b
809a2046-be5a-4523-8e53-bd6e612547ca,321daf18-8a13-41fe-8894-86af21d2d147
64a17c22-47f2-4122-bd80-70dc3dfc33ed,c6f78f92-81da-436f-99bc-766eb39f2e73
133dc94b-ffe7-4b05-8848-2d3364af0ebc,3d3c625e-1127-48a1-9c18-f057bb097f9a
4ef7d0db-e1bb-4b4d-bc17-7cfc8b770fb0,0c08c0e1-aee6-4bcb-ae70-121d80feb720
9f1af43c-d3d7-4ce3-9d1d-a87aebaf2994,4233554b-dd81-43df-912d-aa1b7562ecf6
a163c7aa-57a3-4cc4-a8b3-d5480390bcee,1b3e78cc-929c-4364-b488-6d007df56682
f1879edc-7077-48ba-ae71-62e782c4f84a,ea7ae2d1-70d6-40ed-846c-2030e4d22f24
271cb8e7-0fa8-44b7-ab86-56f68dd60088,58cf2d12-c136-42fe-ac67-caf10c87417f
0b2d53cf-53f8-4aa6-901f-2fc5f67fe1b1,3f8b6f64-e141-456d-bf90-42a0daaac413
092b2b8f-dec5-48c8-90ed-d91763bb0dcc,d3e36156-3232-4119-8214-088074f2fbc1
11d0a872-153d-4691-a9aa-80193875fa8a,5ff04409-ebbe-4915-9459-df453f57fc22
d67c1ea6-d310-4404-b486-ec587a8c2285,3c0f0165-3a5f-462b-ab9c-eac5030a1493
3366b7ee-c5c1-4c3a-ae28-5affb204adb7,a97a1e90-3bb2-4046-b205-f7a4430acaf9
eadef8f9-bd08-4a38-98cc-d74cbd2e48d4,7ed06d92-9261-4391-af1b-6e6ed98bf52e
76d22510-63dd-4f49-8602-9176e19cd114,d052f348-f6ab-4751-9039-c70b2686ddb8
91fc6b77-9cf4-4eda-a66c-ff5c9c55941e,bd544901-29ec-4689-925d-367e8e32679a
15eba057-c2e3-42dc-93e5-36ed78c46daa,70707967-fe32-4334-944a-370cd11f0078
8d08667e-c4ef-4255-8528-08fa203c6077,1472ea7a-13c2-4a4d-9c51-2e34fc4137c9
7971e322-2b49-487b-ac8d-54dad42e6651,439dec86-7723-4a42-915a-2ef44db77bf8
bb2a8621-6e05-4609-8c35-160841342bf4,87c5a5fa-9223-4556-8ba5-33a6006c0e51
05f1fc50-6306-4bec-8f36-b3f66f8cf217,24733057-c894-434b-81ec-4ead7b3f177a
3089b836-393f-4867-9f24-b08bfed1aa79,85a0fd2a-d058-4324-bf83-ebc57d6b5ea1
e7f99a79-a26d-42fc-8c4c-4ae9e5897ae0,28df868a-5b71-4a8f-b10b-251594998c11
b9164b51-457e-4226-9400-7e567b8f958f,a1359736-5ded-432c-93db-f5c55a73702f
170329e4-1943-42b2-8f23-cbebc12f2a01,bf9a5a49-b38c-42f6-9037-699ff740f5b0
a64fb946-69b3-44ad-94a6-817879d88e8b,d0ad8597-c916-4b0b-b517-9214ab8598ac
e1d52169-42d1-4d87-a2df-6f3fea51e68a,387917e9-a933-4bca-b13d-ab569428b38e
12b5d2e3-41d9-4268-b30a-358fa7a2b18b,e319d7e0-bf13-4d1f-bacc-170407927c49
6b152220-29ec-4116-82ce-4d624cfd4e11,66ac8ddb-25c0-4157-a771-f00a3517db0b
55f70dad-ae28-40cb-a8b5-187379b63ce6,7027def7-d955-41a3-8314-17336f552139
ea4fc33a-b212-486f-aaa5-3879ae24b0ab,c5fb6434-9f28-4af5-916a-48a7667ef99f
0674c6e0-434f-4ff5-a121-c64f66e895d1,d64ef7a7-f869-47fb-90f5-d3e67079e066
237c9d30-389a-41b1-8415-96fefe4b23c2,9b89a5b7-a1a8-4c66-ba94-7272ec8af44b
89d5d993-79f5-429c-81c9-21efb9674f38,997a410b-323b-4414-8eb2-57e05219080d
3df27a26-535b-42d5-b307-303c78e4031f,674c0947-bf41-4154-9b3c-03558dd739d6
2f9b4929-9cc2-489c-8fe6-17516c4a42db,ab4e5724-b52b-43a7-9c93-63feb525c0a8
01d47687-ada1-472d-8ba0-4953de341cca,39e6b2fc-60d8-4f0e-a4f4-04b2a02b8a75
14e163e2-c761-49c5-b2a3-dcd355d21a14,3a818154-b559-435b-8c23-e15fdbe9d7bd
4eca4ccc-d2a2-4a32-9284-c1fe49f51d5c,fdd3019e-e19c-4e62-8362-7429f6d3be32
ed28a2d3-11bc-4674-ae42-1ea9ca2b3cbb,109507bd-ff4d-46f4-bc37-86045b85a112
cce58f5b-ede1-4b24-aec6-66c94fbe3512,624cd470-7943-42cb-9145-66a58ff86977
8461eba0-b9bb-4388-9559-c006e9b0749d,114fbe26-39c7-4e16-a388-62cc272579c6
6b3cddd3-a25c-4684-b5cf-cc0f57d09614,cc88d518-421d-4997-91cd-ada408c6de3b
fcb3b523-a0db-44c4-8d70-455fd6f03f38,481c5558-66de-4282-b180-662b2ae1aa78
6dc50dcc-5577-4a38-beb3-f8a93833c62d,d4c6d67c-64c7-4e02-947d-b0629dfa3009
ae080aae-7849-484e-a34e-10c3c31b1767,c337f3dc-a57b-4b3a-bb22-0eb3537f9d21
ed28a2d3-11bc-4674-ae42-1ea9ca2b3cbb,80cf0755-a4ff-401f-9c1f-3481587ff6ea
0ceee720-360f-4b3d-aae2-f2c05d6fe1b1,57149f66-bf19-4a4b-87c9-759677cdf762
f89cca14-3529-4948-9e75-9eb3081e4ead,289fcd85-13d9-4dfe-9126-8526bcc767b9
3a100bed-a8de-48d0-bef2-f0e2a7f7dd60,a353fc04-4a06-4f3f-ad53-e04558579d20
eb2806bc-195e-48cd-9321-aaace8f07af3,b3d82ec6-fb3f-4fd6-a492-4019dddc3bb0
25e5f27b-62c6-4f5c-a889-548e0dd22319,97c1a6cd-1c87-4f52-8051-e040afb40efe
448d342a-6c9b-4726-922b-77688afb1c12,144090a1-cf55-4f35-9d7d-922fdcda255e
9d0b4da5-eb50-4d0a-9fa5-933a3fe25c11,d3703929-5687-4cd9-8aaf-4d55b7aeec0e
c76ffc8c-d028-4f9e-9eef-b9c7313af54d,8fd3ae0a-4780-44f4-b999-50f968718505
e6d52b06-2907-4814-b861-ae4ba78bee00,72093aad-39d9-42f1-8aca-e3c65dd73045
9cb0ce4d-5b1f-47ed-b256-6286e8e777f5,de988782-0739-4194-b7cc-bd419d541ab9
3532bbb3-aa66-4863-85e0-62e358b9913c,22ec7c5b-1ac7-4ddf-95e4-69d3f15fa04f
3366b7ee-c5c1-4c3a-ae28-5affb204adb7,af669568-7a4f-421a-a58a-c3177b452696
3ac6f414-7ad4-4174-bfa6-32beddecfb1b,2344d4f9-9afe-42e0-b17b-66f3f69c0a17
90d3a889-ac64-46c0-881d-fe72baac9df3,f101a35a-8bb8-4203-9a9a-d96c0230611e
b33da705-a201-41a3-8fad-6eca20b3d650,4181e3c9-500e-498e-99e1-865b6f603f8d
7c14413e-cf4b-4965-9394-2c516ab5a60d,e749552d-6e58-4ef7-908d-da5d800ba1e1
2ca0a068-a343-41f8-becc-3885599e7481,c30252a9-20f3-4969-918e-57258cfbd283
4f7c065e-f22d-46b9-9659-3c700e1889a5,75a1aa0c-c2f2-4f56-8cc0-b5b6c39d3565
9423e9e0-341d-4a99-b328-2e0d1188e56f,617f6cf7-0b5a-42c0-88e2-d92314fc70b8
9a3914d7-ec45-4112-a149-7f5e6c103068,019ad3d4-d6b4-4a58-a086-151013f19270
85efc27b-71a3-4f04-85de-c152f76b0fff,b92a35cb-be04-485b-a391-14ac3be58f5f
179a815d-f5e2-42d6-af56-52fb7ac77a36,e6d8f917-0e85-45f8-a0a9-40a333559c6b
a3fa8e47-59a5-42f4-9774-27e24b0b337e,287c85f3-62dd-4774-bd5a-f77d971ec8ed
bb471608-abd0-4f1c-b542-070ce7567d7c,3136270b-70ca-4e38-9221-8ce3526137a4
75bc82ba-c368-48af-aa8b-1aed5d2d16e3,5841c185-97c2-483a-960a-ce542648dc16
9cb0ce4d-5b1f-47ed-b256-6286e8e777f5,15ab5ea1-d75b-4858-aff1-4c991ea7f6ea
0846bedc-9ff4-455b-99ae-82d03f0c80a2,d64ef7a7-f869-47fb-90f5-d3e67079e066
77c5e098-3a5a-426d-a67a-77aa42dcf167,a0813018-ef71-4e63-a575-8a88d7e68856
73feff7e-842e-4a74-877d-94dd7e43f698,b36a257d-e2ee-4f92-91f5-6a626c4c9180
48c6644a-df99-40ae-967e-4b3c1dd5a20f,230142f0-e360-44be-95ac-a8232a53d626
cad0ed45-63d7-408e-802f-89637069f43d,4ba3cb6d-3709-4aa0-bb7d-e9a07cc363dd
98b67984-f51f-4983-8a61-70b4c5d91227,b4cf7068-35f8-4f7f-b322-2e96a15a11f3
31086c8d-91f7-4619-ba36-0d402969ab98,dda8a7d6-8b1d-4021-8d27-35ecda09c465
eb2806bc-195e-48cd-9321-aaace8f07af3,90f5f1fa-f1dc-4292-89e3-82fa4bf04754
ec6dc2e2-4d50-49a4-9a84-72efe076de0f,0e518c02-500e-4eb8-82d9-ffa7adfbd9f0
2ca0a068-a343-41f8-becc-3885599e7481,85a0fd2a-d058-4324-bf83-ebc57d6b5ea1
28d68ed9-a98e-4d14-84d1-f34e75bf4c00,f1be991b-ab6b-482c-b284-cee81dfa72e6
5af1ac8f-0238-4c32-8cc0-787d3473ad31,63e00b00-8934-48e8-bb8c-d115180df75a
0731e146-2fe0-4192-81b4-167544f2b7be,2754f486-b2b5-4b18-b641-3980aacff051
ad47dbd0-a7f4-48cd-94cb-be8840f0869f,738ab6d3-a5e4-4ba2-9eef-c7bdc35ef3b4
b506d699-565f-4749-80a4-65f13db1ccd5,a1d51f61-4a60-4f55-8b72-71b9c91fe8dc
46d469b6-9f6e-45cf-9ddb-37f76c552247,817bd669-bf27-4cb9-b23e-9d3b347b814d
3532bbb3-aa66-4863-85e0-62e358b9913c,374bbcb6-b2d8-41dc-a39b-be60b83c3c70
d30454ea-91b8-4a97-b110-c30d39f45acd,bf9a5a49-b38c-42f6-9037-699ff740f5b0
7437b235-2b63-42fb-b4ed-e222acaf8188,4b67c93a-2582-4526-815b-97c6fb354996
98e463d0-6d7a-4027-b4c3-30172899904b,4cdf04d4-5bdf-4c5f-8733-39262e7a244e
a952a476-8966-49f7-af66-7214485e20c8,2c4fe128-c811-4c05-9e14-69a329b0c362
19d8f1dc-3ff1-4b0a-aa51-bfcbdf46943d,8bf66c13-23b7-4e1b-b13e-10064dc2c9fd
79f8635b-a803-47a2-89f9-64805237a763,b92a35cb-be04-485b-a391-14ac3be58f5f
0be51975-7dcd-4077-90a6-64fb32e4dad6,9081195a-56de-458e-a1c8-725e5efd7f80
2d16ad68-2213-4cd2-a60f-4a7963e3056f,2b6b66e3-12c5-40da-ba75-bd2f808068c2
3ac6f414-7ad4-4174-bfa6-32beddecfb1b,4d6aec34-6c94-4110-ab35-ff1649d6956a
9a82a5fd-0e6d-4ca6-a79a-66a9e047cfe2,109507bd-ff4d-46f4-bc37-86045b85a112
692a5173-a137-4901-a4a4-9bda68210c2d,120982a1-efa4-492e-b65f-3482f51d11aa
a973a2ef-541f-4f53-bab2-3c506e47b2d4,ab4e5724-b52b-43a7-9c93-63feb525c0a8
a6052d2b-626b-4746-85d0-9741cfe5b32e,83373c08-0202-4f5d-9e62-0835f150bab2
9273137f-ad88-4b2a-93c1-421ce3c5dddc,40694696-e059-40d6-ada8-80a3d17fb4cc
92add84c-9540-4dd6-acee-985e89b44665,1b3e78cc-929c-4364-b488-6d007df56682
167d13b9-da87-4bba-a662-8e7fd0012842,e373e4e7-4a20-400e-92f0-b535a607f266
1c5e3169-9221-47ab-97c7-c5a3e42a0ac2,7979c5b4-1a53-4489-928f-ef6560a3a128
31fa7bf9-f38c-4215-94a0-561429633a4f,bf066d2d-30ec-4944-9793-77fd0bc762c8
243065f3-1abe-4611-b081-2adc4b97a57c,bf066d2d-30ec-4944-9793-77fd0bc762c8
0f7693ae-80d1-481e-bd9b-6fe69ef4d296,45b032eb-fc70-4fe3-89ac-19084d230a32
f4476823-0697-49b3-b036-a2322b71cbc8,74fffc5d-172b-4ecb-858a-be870bd3f144
f081400f-2ba5-4b4f-9023-b53626a63cc5,671454ce-69a4-49a1-ace4-0c4dfb776209
c4abc37a-b0a2-4342-b7eb-4bc607708317,bf066d2d-30ec-4944-9793-77fd0bc762c8
fda47000-4fda-445a-b265-e25d5505c75a,9fc9c122-3bfb-4dc8-8ec4-40713084a663
23bb9ccd-63dc-42aa-b094-768c9585fff5,d5a3b487-9163-456f-b19d-3cc8906d3025
5c837df9-d864-4dad-b41f-2a64c7b408cb,58075eea-72c8-4471-ab17-99498821a8bd
c6a3b882-428b-47d0-ac46-55048bc0adb7,4992162a-549a-441b-8a0e-181250ccb80f
e68ba659-c0fe-4c3b-b488-12e06ae0150a,1fd663f6-734e-4b7c-a1f4-355622dad875
320f827f-ee07-4874-9228-2b883905caee,f2b87dc4-e367-417c-9edc-df21cea85b41
6b68b736-5f5b-46be-8540-eaf9e7329cc2,a97a1e90-3bb2-4046-b205-f7a4430acaf9
b90110e2-1e67-49d4-9101-ea7ce6b85aa7,cd1bde75-9633-4582-a869-1dafcb4e2bf2
e6c6000a-7189-4773-8b52-f5760a9c997a,b2efbade-a59e-406c-9f1c-3bc82bf80b5a
8e102291-5d58-4dae-8288-bb887fbe60e4,66ac8ddb-25c0-4157-a771-f00a3517db0b
6100cc6a-64d5-4995-89a8-946cad39530c,f3bda7e8-64c6-46b7-8f77-098a7f2d626d
7409b8d3-8477-4a01-bb7b-9f006f761f1a,41ad240f-13d2-4d44-a682-a11cd9254fb4
b41d7940-a077-48b0-a1b9-2f4fd2eb1e55,9e7f0d10-e2a2-437e-9440-3dd6025e1762
ec6dc2e2-4d50-49a4-9a84-72efe076de0f,d2ea2490-c73a-43fe-8334-9a7bad1c1fca
9a8ecaa7-2a7b-4c1b-9c19-f9034001d30d,9da931cf-b768-48e9-8660-b5671d16efa7
4cdc99e8-4836-4abf-8a40-4cf9e77956e2,48614791-2ef3-4ab9-bd9f-998a06723aeb
4d546456-4ac7-4d3a-9baa-3d48985d1ee3,f32c5fd2-5230-469b-9dce-c2ab8065e0ae
fd86ca75-da33-4214-adb1-dd3a34ca7e9d,23552cc3-4578-4240-9b6f-803d052593fa
97a38c2a-49fd-4e4e-89a1-bf5f60f757e9,19741d13-c84e-4831-8ce8-326fdb689df7
607cd8fb-8748-4c14-969a-b1d13890aa01,8e6f82be-441f-48b9-abc9-2b75a5a14595
3b3bd8df-3f6d-4b59-8be2-6210b126c8f5,66ac8ddb-25c0-4157-a771-f00a3517db0b
46f412bb-1f9d-4bfd-ba4d-e8784e2026d1,a7fa5947-4b32-47a6-8ad9-2dcb9236252a
6a32f5de-a59e-485f-b470-e5772ef8c023,b36a257d-e2ee-4f92-91f5-6a626c4c9180
cd5e7983-f6e3-46b4-b0d1-04b13133090d,78ceec08-a5d0-4e77-bb8b-1d81bdcc26b2
a2343feb-eb27-41a2-a719-a622b728c949,7da9e0c0-9665-4cf0-9af1-f6fcb90c05a0
41b9023a-77d4-4d4e-aa2c-8305b937443a,abc98f5e-9fc4-4865-933b-64fa4e82308e
331535b8-f823-4a3d-a73a-102c1c75a813,f47bc940-fc9c-489f-a048-11af9d284393
f63742f4-dbbb-4a31-abab-baf59a31d111,ccec255b-011f-48ef-9566-afb22582e909
32a43ffd-9c17-4928-ad6c-cc2a820a47d8,c6f1b4a2-ac25-443a-a4f9-369d13c3f3e2
046f33fb-0640-443d-a71d-7b432ccaad12,893107fc-db75-4deb-a33e-820c14757bd8
800cf099-d4ad-41ae-ad37-aeda5fa51373,dc2f1889-e022-40a6-b002-b3369c4ace6d
c261cdc2-b09b-4b5d-9116-f839c5b7e5d7,74fffc5d-172b-4ecb-858a-be870bd3f144
a673899d-fdf9-495e-867c-ebab0d1c99d9,e89236b0-4b8f-4e89-a8e9-ca2fc6d67001
b080f7ae-3333-475c-9c65-0fc7001a48fa,10d24f14-0d5c-4067-9c9b-3c8a4c47cef3
b8e3408c-3f9a-451c-af6a-a023a8497f2f,589a8fc7-3fd3-41f4-86ef-7ef7ff46c083
0fb7e4ae-d106-4441-bf09-a43159d1a243,bf3d965e-857e-4890-b82a-973319af2e69
9cb0ce4d-5b1f-47ed-b256-6286e8e777f5,5339b254-2c4c-4cde-8d06-0fcdbfab6680
590a426a-2869-4947-a6c9-0c26f474fa4e,c6f1b4a2-ac25-443a-a4f9-369d13c3f3e2
dfeab2b8-c5dd-4eaa-8b9a-cec730b9c15d,af39bdd1-87da-4798-a63e-5557e81ffaf9
9957a1e7-1d46-4365-92a6-f70f227804e0,144090a1-cf55-4f35-9d7d-922fdcda255e
d2725ef4-1598-423e-96f0-adcc3dab75c7,1b72aaa1-17ff-49a5-bb65-55970d650511
6296280f-628a-44be-862d-f86a6621bbcf,22ec7c5b-1ac7-4ddf-95e4-69d3f15fa04f
4301d91b-94bc-4a90-b252-951bccb8736d,1b708cba-935f-4251-89ba-6a8ff261f41e
a21cfb0c-475c-49c8-aa14-ebc53d46a6aa,03480738-c7ad-42d7-adca-aed9f29e5784
686904b5-111a-478d-bb35-0ca1ea738aa6,ddce93a7-52ee-4ad7-b4f7-33d3461ad86f
0170a098-c9cb-4e18-b8d5-9d50f26a2ad9,f72d1cf4-f294-458c-8435-fe0db86bfb5f
25a74fca-ba55-49e0-a230-7dae8288e2d9,c337f3dc-a57b-4b3a-bb22-0eb3537f9d21
39109d55-09b3-436f-ba9c-fa24899c01ad,e9d1b63c-0129-4e2c-aaae-5c01add8e25f
dacfee73-ec6d-4b28-9bb4-1915873fd00c,37d20cd4-0f18-4698-a9bd-34752cff1d80
860d3f16-a1a0-4806-8a5f-9670024b0e02,27d47c31-f756-42b1-9aae-401ad62ebdf3
669edd84-8060-4440-a6ed-7da1999c69c3,3f94af29-f719-48ee-b177-10d5c60017cb
23bb9ccd-63dc-42aa-b094-768c9585fff5,8bf66c13-23b7-4e1b-b13e-10064dc2c9fd
941a99e7-2015-47e1-b136-81f5e5332b01,b2efbade-a59e-406c-9f1c-3bc82bf80b5a
e6300fca-9c61-4c85-8186-6cbefb92efab,7b67a2d6-f630-42b1-9f4f-6c3206ea7fa7
6fab596b-44be-4efb-9a19-fa2196188c2c,70fd86c5-ec70-4f85-9e20-562bd5ebbd0c
9ffd52ab-8fa9-4dc2-bd66-4761b5ae4c90,d1b435d8-2013-4183-ae8e-b2c468dc21fb
29c2b161-dbcf-4907-b47f-a6bb3bd3e1e3,f4a3e804-a20a-4f92-8646-2600c6cfa010
25e5f27b-62c6-4f5c-a889-548e0dd22319,fb130fdc-df0c-43ae-bfca-c46aab461de1
c705cde0-683b-4463-9547-c7ee5d61820b,b1c79faa-31cc-4b6c-abf3-fd3fdb52e6b5
507d8397-6704-41da-82d4-a57cae048eaf,1c62bc91-1a88-4890-96b4-8ad0b16ddc29
a673899d-fdf9-495e-867c-ebab0d1c99d9,f1be991b-ab6b-482c-b284-cee81dfa72e6
dd2c203b-1f27-4533-aa11-cf4e42724c27,3a818154-b559-435b-8c23-e15fdbe9d7bd
2aa8cbe7-a273-4892-a29d-70878ce69e8c,a5d9b6c3-d10c-4df6-8487-6d83970bfb6d
ac4c3461-1a12-4008-825f-11fff1592b3b,3a94f327-7f7d-4fb0-ac83-9e1280108eec
fbd5158e-8da5-48df-9c49-b4699b5f9ff6,8251cc5c-04a5-4b39-8939-2aa85f14655a
1a02874f-cc3d-45d4-9364-35ff6c2816f2,8317bea8-cc34-4331-9fcb-38d755c9e036
f6d0cfbc-ab6f-4b6c-a568-0ffca24822b4,fe96d1d1-20f5-4b8a-a00b-e58edf87384b
4013bbab-f53a-48f0-835a-6d52ce0aa69d,a5a9781e-b66b-463b-aeca-7719bfa6085a
e8ab11dd-151d-442b-9366-a552ecf4d30e,0cc67509-bb9a-4686-bca1-3afe336d14bb
c0d7cbcc-b3c5-4ea6-b0eb-f7ccc574e626,caf725ec-e3b1-4a76-968b-bb444dc5c36e
cb5c3391-05fb-4fc2-ae2b-6c6f8283a2f6,55378862-d8cd-4759-b89a-6a46ca4dd38d
c68e97e0-d69b-466f-838f-d76c1fef9a01,58cf2d12-c136-42fe-ac67-caf10c87417f
10531e5c-11d9-4f3f-aba9-ffac8b2d889c,5c76eaf5-6c6e-4a32-986e-02850f68e65e
800cf099-d4ad-41ae-ad37-aeda5fa51373,36dc51f6-1631-4cef-8aec-26467ab8e859
67cd53cc-2ca8-48c6-bad4-f29533121a13,1028bb44-6643-4ce3-a2c4-e9926117c728
2ab34bb2-c3ff-4d08-8b66-5a896fe74b34,b414a5ce-0227-47c8-be5c-1b1ab9dc8db2
b99976e9-2394-4dfa-b7c8-f259ed701291,0c5752b4-6e3a-4178-bf28-651368f247cb
64001e84-386c-428a-9858-af09f3ce3409,0c08c0e1-aee6-4bcb-ae70-121d80feb720
2a30864e-b3c4-416d-8375-57567eb95119,f745d287-dece-441a-b223-28a545ef6ffc
607cd8fb-8748-4c14-969a-b1d13890aa01,edbbbc43-9f07-4d7d-8fe2-a03df6ea005b
7d459c4f-b4e7-4e07-829a-aad1df6c3cdf,cdc4b2d8-37b1-4900-b041-cb8add2a4749
06a2a7b5-4acd-4a2c-9503-0a7194aee9c8,877b9969-0bdd-4a69-b353-d0e1f89669b9
4666d51e-96de-4b4e-9e6c-e7e0191cdf20,b0422878-5e49-4819-b45f-9d8951f762a6
fd138df4-b70a-497d-9c77-38b166c3fcbc,e898f4d0-31f5-4cd7-8c75-f502b4bd1155
838021cf-79f4-4e6d-85a4-3930f865762f,30b0f61a-7cc6-4184-a15b-0dcf16222f7f
ea0bd662-4c9d-4ae1-90bf-345a1667eb66,5339b254-2c4c-4cde-8d06-0fcdbfab6680
82f9a9aa-dfe1-49d2-acb6-de45e551792c,5d1752e4-3975-4796-b103-cde9004ceb5e
9513978c-0383-4022-889a-6055a86d4468,5752f753-baa4-4ea7-a8d9-c2f41c652573
b5edf3a3-e196-4ae9-a899-0f60aef5623f,423b13b0-7229-4324-80d4-3e4ab856253d
0272e986-dfb3-445b-9dfc-4fa8d7b650fd,af39bdd1-87da-4798-a63e-5557e81ffaf9
11189bb9-6a71-4062-a8c0-62b7657e4897,57149f66-bf19-4a4b-87c9-759677cdf762
f1d813d4-fdd5-4d01-b5ca-588f31890fb2,eeae47e4-a374-4d09-a7cf-699f009196bc
31743932-73b6-446b-9c56-d9871dea61c7,426c5d3d-5f3e-4789-a0a9-5ad2bfde9cee
4ccde273-82dc-4df1-8d6a-c58f9ae55881,586af39f-1000-47bc-90d9-b412efc6e7c0
e6300fca-9c61-4c85-8186-6cbefb92efab,0119b5ac-facf-486c-ac82-05097d3cc6ca
4f4bbbf1-7f34-4fdd-80a6-da8dd6c2c09e,078075ab-1f59-43ef-aad9-d8d5d147da9e
2d4b1249-6919-4b54-9461-4a8b07d076d0,43dfde6a-882b-4a29-8b86-aa7af04cdb7f
ad47dbd0-a7f4-48cd-94cb-be8840f0869f,eecbb375-09b0-421c-98d8-b3d29b7b2b33
9d47cd3e-0840-4fa9-831f-ad28d9b4ba34,61e4940a-09fb-4af4-8a76-2ff475850613
31743932-73b6-446b-9c56-d9871dea61c7,f444c3fb-4a6a-465f-aaca-2a95a1bf157a
c705cde0-683b-4463-9547-c7ee5d61820b,6ff5d5a9-1c70-4e7c-be16-c3ccf5e02576
2463d2b1-918a-492a-a86e-6d8dc7d82a22,e15bf3c1-5eae-4e0b-a903-fca764f2a88b
450b8eb9-7918-4e21-888c-29ffaec8ba24,1b72aaa1-17ff-49a5-bb65-55970d650511
485d634c-c60e-4892-b6b8-5d97fed24bf7,1dbebbd8-29ca-4bdf-a272-a0cc4f44150b
03e322c0-c88c-41cb-a86c-8b3d9cd4fa5e,1de85277-c7bf-4683-9150-c108a9457d60
e1e28ce5-1566-45b6-96ed-c93715c4bcfb,64e878ce-1a49-493c-9524-c59e54d81884
bb1ce888-bdc9-4b30-ab4a-5cdca4958a55,571d0c27-6b3f-463a-b64c-8c3e0e1f9c8a
be900a98-551a-4310-a930-53f21292c70c,70707967-fe32-4334-944a-370cd11f0078
70fe0758-8a32-4a0c-9651-79f1b2cc1061,68d909c2-e37f-466f-b6b5-ef841dc14da0
05ca890e-1ed5-4135-b9bf-825baaba02a3,73483460-48c6-4a0a-8c21-12a0f20e8138
c593b73a-ff1a-41d2-b30d-46ed31bd2654,a4ad1434-107e-4c7e-a18a-3b701cec5376
9d21b6c2-9eb7-41a9-908f-1d7288a07d58,a32701f4-b143-44c2-b2aa-a6ace4505c3c
170329e4-1943-42b2-8f23-cbebc12f2a01,23729a37-d4ca-49ba-a694-6fc3562bc62e
93510b61-acbd-450a-af5e-36da1dbe7022,dec95e07-6e41-43c9-9056-4560e7fa5c1a
9ba83b1f-b62b-4685-95e2-87a2241e0880,eea4be53-4aa3-440e-88e1-c94117c093ef
34e21c56-354b-454a-9c79-0ef7cc00f727,b032b8b5-307c-4588-adb8-524f321d4477
2f9b4929-9cc2-489c-8fe6-17516c4a42db,bdca3d0e-8697-4c50-ac95-b8b73d92d2c0
5b3bd90e-fbef-42ab-9227-6126a16468c7,23b5cf06-c5ec-49fd-b61e-9cb5ae4bf0ae
718617c8-0dd9-4ac6-82ca-7093beaf549e,7d93e8b1-3670-4512-bae3-e7d0cbb0be7a
d6ded13a-f148-4b63-ab94-272bd83e7f31,180a1230-8903-4862-bdb2-31e9034dce3d
79706099-1003-4f9d-873f-f7a72a73707f,2fb3d984-f2c6-4e16-881b-f0048ff70e02
669edd84-8060-4440-a6ed-7da1999c69c3,90a6f57e-34bd-4586-9175-cf936008905d
b78ec647-c9bc-4b56-b26c-4ddde7343faa,6bd236e2-de5a-4ce9-a5db-b1a78ec6f79c
2547d9b3-6c9c-436b-8107-0e4d883080d4,26f4cedb-cde3-41fb-8df7-60e359f88290
a948f663-fb0e-42ce-a945-a5b1047255a1,1e0f25b2-b839-4ccf-82b1-0f0a196730fe
d72cae91-d644-494c-b892-fd47e4887212,b11f9158-1322-49b2-82ed-c8136b928151
e315f533-d909-4d58-abff-88c5d6297bc7,e22f14fd-d4a4-46c1-b242-67fb66d44c80
73feff7e-842e-4a74-877d-94dd7e43f698,e59b1009-2c1c-4516-9589-4137d77ed088
5c0002f2-ec1a-4b35-870a-3ca9595090b3,5d1752e4-3975-4796-b103-cde9004ceb5e
17494704-bbf5-4a81-a730-8a6dae223a96,035d9bb2-57c1-43b0-8902-17307945849d
f9c165cd-4b81-4178-a3e8-3edbca20672d,d7fc2e79-9c31-467d-a6df-d60341b53649
4ccde273-82dc-4df1-8d6a-c58f9ae55881,684a9e1a-7770-4319-b417-944d0fd3904e
a2c76918-4bf0-4ca5-a51e-493d84e444be,fecb7389-d3f6-4ade-a455-7b96198c37bd
eb2806bc-195e-48cd-9321-aaace8f07af3,e15bf3c1-5eae-4e0b-a903-fca764f2a88b
06a2a7b5-4acd-4a2c-9503-0a7194aee9c8,a58ce5d1-cc50-4f4e-832f-87757917248b
984b35e5-7583-4714-98a1-232e6a2c7244,daa347ad-1f47-45f2-aea8-53dddbf863e4
dcf8d6bf-8e6e-4602-8191-5aa94cdaa0ee,7b025d6e-1f32-4beb-9ab5-408106f618b8
7d459c4f-b4e7-4e07-829a-aad1df6c3cdf,4ba3cb6d-3709-4aa0-bb7d-e9a07cc363dd
e6f43901-2a63-4620-b95b-e9fc17575fda,a50c0c34-e7ef-40c1-9123-75384b38b003
331535b8-f823-4a3d-a73a-102c1c75a813,fe96d1d1-20f5-4b8a-a00b-e58edf87384b
7b9a818d-82fa-4667-9284-1fea2937d13d,3cadf114-4ace-4327-a7db-15bdf374f979
31fa7bf9-f38c-4215-94a0-561429633a4f,674c0947-bf41-4154-9b3c-03558dd739d6
88c145de-0eb0-4b0e-a5d5-5ac5dd5de79e,d3c91383-1e74-48e2-aa4c-87471514e9a9
ace14b0d-6af1-4b1b-927a-f3e0af2c750f,0109eb66-c0b1-44de-ba08-ba01ec733fdc
09e115f0-d8f2-496d-b8f4-012f437faeea,114fbe26-39c7-4e16-a388-62cc272579c6
075ebee1-f353-44e7-bff6-b8686a45bf0c,713dc1f1-5a00-4f05-9c15-4e4c7f069941
984d90c4-eb68-4add-a93f-0d30834fb763,dc981424-84bc-4a34-a9b7-508018f30fa1
e7f99a79-a26d-42fc-8c4c-4ae9e5897ae0,d9c5be28-aaa7-4c72-8288-9c2103556a64
51a134ec-f85d-4ad3-aa68-a53b571815e1,4cd9f509-ef76-485a-991c-f3538d96f7f5
da2a0f91-3e66-4bac-8f14-a340f03d7a97,4cd9f509-ef76-485a-991c-f3538d96f7f5
f188e9e0-b949-4d16-8c56-ad2d881afc57,029a1ab3-0978-4418-9d66-dd5006e392e3
8844dcc5-0972-4be2-b83b-217e60e5253d,e48be28c-3b33-497d-a439-cb323fb24a94
3089b836-393f-4867-9f24-b08bfed1aa79,6987f721-7d22-43dc-884c-de3c9370ed5d
a948f663-fb0e-42ce-a945-a5b1047255a1,ea3bd8ac-41a6-49b7-9ccb-e7a123512802
d381d6e6-7c53-416f-a33e-98b05229f1f6,5bb24ea0-14e1-42d7-a6b0-a2873d167368
200848ab-ec78-4f56-8587-0b6631b374b5,23b5cf06-c5ec-49fd-b61e-9cb5ae4bf0ae
4987efcc-6dfe-4f92-8b79-f2b00cb68367,2e1291bd-f2f7-442c-ab6b-1ff8bbee9c7a
b25068e5-f009-4310-8ace-c07f5bbf11e5,ce8fbc7b-76d8-4e11-b624-7a16928f377a
49fc756a-a839-4333-9f68-ad1fe8598c26,048acc99-285f-48f1-94ff-180b3af085a3
3a3bdbfd-584f-4e3d-99dc-7bacaceafca3,3d3c625e-1127-48a1-9c18-f057bb097f9a
c90f8f9e-4d68-4d63-86ba-0d7ac7b76213,d1d523a7-4c7b-4161-9acd-b5097135d5c5
129583c2-db2f-4f0d-bd49-81c4b89dd82a,db68edf1-c801-4de1-8b03-e07890bce5b0
24a51a60-1ff8-46ff-b55c-046e7021013f,9b1ba270-5db4-46fc-8026-2988fc0c8c32
e8ab11dd-151d-442b-9366-a552ecf4d30e,1028bb44-6643-4ce3-a2c4-e9926117c728
dfeab2b8-c5dd-4eaa-8b9a-cec730b9c15d,7ff23276-e33b-451e-b744-b928cf7a0bc6
4262f889-fb8c-43e5-b446-ef731dabc4bc,b365b3cc-eebb-4d82-8c44-f3df3ca5d9ed
1d4c3b72-686a-4179-a2cf-db2a3325612b,8bba25cb-2eda-4ace-a1e6-9d04e38e6288
84203ac3-d625-4882-ad2e-b5f65559ea0e,30874e85-e872-4169-8ff4-68e792526177
3e9fdd43-1ee2-43a8-ab11-2485a0d3d9b8,be61cd99-bf44-4ffd-8feb-0d76109b9131
25843d80-daaf-45c0-a7a0-9c9b481045f7,b407b79d-67c2-4b96-9c6a-2ea4b949ba70
42920072-b8b3-4ac5-ab3e-3eb792a16fbf,c8730708-31e2-4d8d-931d-e22245d1c09d
566a9ac3-9d7c-4174-a65f-191a44f51e49,70ddca14-eaa0-49b2-a7e3-226cfa6220d9
a9997f49-fb6a-460d-a510-b9a4c3fd5902,9c1269ad-d6bc-4eaf-a2ea-dbc4f41c3c09
179a815d-f5e2-42d6-af56-52fb7ac77a36,f77ab882-14f4-4e7c-8226-52965dd42c1b
a9462224-aae6-40a3-bdad-24795047f2bf,5cc17dc4-3d46-4903-a881-033ade164570
46f412bb-1f9d-4bfd-ba4d-e8784e2026d1,bce145ac-ab5a-471f-b039-96029391205c
9f1af43c-d3d7-4ce3-9d1d-a87aebaf2994,0418f2fd-c81d-4edc-a3be-b3375c9d18cc
2547d9b3-6c9c-436b-8107-0e4d883080d4,893107fc-db75-4deb-a33e-820c14757bd8
9a3914d7-ec45-4112-a149-7f5e6c103068,1783cd41-4376-45c8-8fd7-622ba3b09a17
ab6e9ea0-57af-40c4-99d1-3c71b69a794e,f440ef40-85e1-4578-82c7-832c9170a90a
cb3f8118-3f54-414e-bd35-916f2fd856b4,2aa110d4-4463-4dfb-b062-950db0f56569
2d16ad68-2213-4cd2-a60f-4a7963e3056f,f39b106d-634e-4c32-9592-44023196646e
e315f533-d909-4d58-abff-88c5d6297bc7,e22f14fd-d4a4-46c1-b242-67fb66d44c80
2a30864e-b3c4-416d-8375-57567eb95119,f543fc41-103a-44fd-aa5a-d613a2bf39c5
2c1687fe-4fb6-4092-9361-57f51b52b623,e59b1009-2c1c-4516-9589-4137d77ed088
c76ffc8c-d028-4f9e-9eef-b9c7313af54d,0786d254-b83d-40a0-955f-f4e2a4ce8c19
31743932-73b6-446b-9c56-d9871dea61c7,f47bc940-fc9c-489f-a048-11af9d284393
ea4fc33a-b212-486f-aaa5-3879ae24b0ab,a00a0470-0ddd-46ba-b385-2cd52371379c
2b8a3caf-f9f6-488b-a1cd-bd1804ad2111,61a2ec1c-879e-47d4-872f-3f6af5766368
539705a5-47c6-4c88-b151-2269635c1aff,602d053b-006c-4822-b643-69b819784ea2
2f203165-fbe4-4bd6-9f19-13f5e3a11ad3,12414e16-7a74-41ca-85fd-bf5f8487e0fe
6a047f16-e666-4c8e-97e9-0e115fd47276,f4a3e804-a20a-4f92-8646-2600c6cfa010
f89cca14-3529-4948-9e75-9eb3081e4ead,2d49352c-72f0-4952-8024-9ecb568c76bb
a900fad1-8c8b-4d1d-984b-5dfb51af491f,bfb78275-de85-4322-97db-3a61fd08f53e
9f819e8d-16cb-4302-8590-d72cbeb1ea4e,59f37ac2-df45-44b0-99a8-52f0d2052618
3a3bdbfd-584f-4e3d-99dc-7bacaceafca3,6c7e4edc-c98f-47e0-b108-c0c9be13e836
5c22dcee-6d31-47b0-a527-7323e54474ab,acf833ae-314c-492f-8849-9e9e1819285f
fb745f07-ad3a-48c4-af73-dcdb7f86b84c,a7fa5947-4b32-47a6-8ad9-2dcb9236252a
8d11169c-a3f0-4de2-8104-df639a1a07e2,74c20b68-f888-4366-96f4-9370d8427b6e
7b68f027-6f9a-4c82-904d-bb9f1ede74dd,ed73b6c9-3a1f-4150-a444-e910a17a69a7
3c266a90-5c19-4347-a86f-953adc560c29,d998f107-691a-43be-b836-af3a15486acc
2bf80bf1-b73a-4d7e-b36e-2d94c644abd7,9f0bf388-2a64-4024-bf4d-e040cb93dae7
d3a0d8f7-15c7-4666-a1bd-8e5bf488ca9d,e6792fd6-6c3a-420f-8503-c53b62147ef5
320f827f-ee07-4874-9228-2b883905caee,c04faa76-562f-4527-9e66-913b70da9bda
ecfe1559-58e4-4aec-b7c5-503b62bf70d9,e1460d3f-74af-4376-b280-fa5022f7e52d
6f29e0c1-1fa2-42e5-a702-f8ac73b3a5b3,a23bd48a-787b-42ce-9585-a1d5120ffac5
54e521e2-0c39-4e45-8a9d-41e6757f1236,57149f66-bf19-4a4b-87c9-759677cdf762
dbdf80f1-6175-47cd-903f-9b9dc84af904,481c5558-66de-4282-b180-662b2ae1aa78
42920072-b8b3-4ac5-ab3e-3eb792a16fbf,52e2b143-6c58-4919-9848-4829774235bf
5a25d140-1fd8-4230-9a66-df8ce3d11ae3,f2b87dc4-e367-417c-9edc-df21cea85b41
98620b7b-0fc7-465b-8ebf-e8f26c44a86d,d8f69695-1b15-40cc-b6d0-714a3f21bd81
b47aeddb-9555-4546-9d2c-8d9e77220677,4cf50cf7-8fd7-49d5-b120-32c660b62c44
b94dee5d-200a-464e-90b3-fbe5d7e91f6c,c0eb941c-4810-4297-860a-aabc2ad47e6a
c22685b9-4ef6-4809-bf30-39261d07e4e5,7123f7c1-f65b-41ca-bee7-656027628b9f
31fa0569-767c-4eb0-b44f-b5c12727e7b4,2feea705-d0b4-4c2b-bda6-9340fcc5c538
19d8f1dc-3ff1-4b0a-aa51-bfcbdf46943d,94cce24c-035b-493b-b75f-56a10fd547ec
d1ec4ad6-7453-4bd4-bffe-fa4c29d1fb4e,d3e18854-8d04-4fe0-a908-fe0e21bb84e9
6a047f16-e666-4c8e-97e9-0e115fd47276,1a36f381-1060-4cc2-89b9-e59322f5b86d
6e06d87f-2c79-472d-afd4-84eeec983ceb,b8241a03-f34a-4cd7-a31b-2b828108a05d
4987efcc-6dfe-4f92-8b79-f2b00cb68367,a474e8b6-1e42-40e4-ad86-c164f53505f2
4decad8f-82bc-47cd-9da8-8904f5710115,6221f610-8720-44c2-bd6a-6ece5aa55c46
dad4e0bc-6708-44b5-9ca7-7345015d1655,39e6b2fc-60d8-4f0e-a4f4-04b2a02b8a75
a2343feb-eb27-41a2-a719-a622b728c949,7979c5b4-1a53-4489-928f-ef6560a3a128
e87d7b7e-338a-423a-a947-c89d14482e40,321bfe24-b8d9-4c2c-8fc3-a36ba4b6d673
6681747e-0503-4d2a-ba2a-e60a9011b8cf,5d9e6583-2b37-41f0-aa44-6501e0a18df4
15c109a7-593c-40b3-ac4d-4d851448f700,b8afd37a-9f19-4ff9-8d91-e45d722a72b3
c261cdc2-b09b-4b5d-9116-f839c5b7e5d7,30b0f61a-7cc6-4184-a15b-0dcf16222f7f
c4abc37a-b0a2-4342-b7eb-4bc607708317,75e86b6b-84d5-40fd-b71e-3e6f1c654d30
f2f75e97-374c-41dd-9c40-9e289f131a0d,a600baa2-8feb-49ba-8db4-735c521aa5d5
bb72e7c0-8878-4b41-b21e-43ff5b417d52,c95228d0-043a-46c2-bfdc-1fedbbc4db3f
28d68ed9-a98e-4d14-84d1-f34e75bf4c00,d923037d-c759-4398-959b-21671e44b67e
5dbabcfc-b67a-421e-892c-1b711febace8,45b032eb-fc70-4fe3-89ac-19084d230a32
bda9911b-a118-43e4-a41b-37e2f766bbd6,ba55c086-0261-4279-8921-6907956645bc
fe47176e-6740-4c23-9211-04c05e1ea7cb,88777205-6500-4d27-880a-156d530f58dd
fc2d52f6-7633-4196-8312-331e1a372a4c,409d6f0c-7556-459b-9207-d0fe4c198d22
31fa7bf9-f38c-4215-94a0-561429633a4f,427fd526-44ba-4f7a-950f-8745c5fa1bbc
b818a2d1-cfe1-4239-8e0c-07e5053039b4,97c1a6cd-1c87-4f52-8051-e040afb40efe
3aa50036-9ce2-4fde-902b-eee785546d4d,b89d0335-004f-4a84-8f86-406a8da652a3
d2dc2069-88a6-46b9-b18f-17101ad08f38,52de1755-9c99-46a1-97e9-822f533d6656
8bdb399f-6ef3-4299-a042-ecc09c2eb828,f1972581-9a7e-4876-9073-6b63f45e168c
be2b80c8-9a24-4461-acb9-8c247fcc80d0,eeae47e4-a374-4d09-a7cf-699f009196bc
8cb7cb8c-c150-4782-a13a-0ec6b8c3fd0e,2efbd457-7ce9-4605-876b-f7f667972218
6b477937-c3c1-44fc-8e5b-b277ed7b50fe,048acc99-285f-48f1-94ff-180b3af085a3
3ee5787e-bcb0-437d-9def-0a9dc7e0d7ee,1dd4b720-b265-4fda-a427-9e339157dd21
c322850d-3525-4ed4-a554-ec2f4776077d,9f95a743-3816-4bcf-ae74-7e224e02d65e
268a9a8c-877c-4505-935c-33debd80cf5d,92b3dfb3-9cfb-4345-bade-d3201799cb03
5409a308-de63-4937-864a-3665ffcbb573,5aca1d7e-1eb4-453a-a3c2-38ee1e48302a
a2452138-9338-4123-902a-3a56a5b78cf1,3f8b6f64-e141-456d-bf90-42a0daaac413
e174059d-dbad-49ce-915e-62291f308c53,4a97ecae-0c10-47e0-803a-9bdf83a388b6
09dccc35-21d3-4eb8-831d-fe21a15f27d4,dc0edcd5-0df2-4157-9ef9-f14108cf9d6a
2a9c2a7d-cd06-49f6-a1b3-d74e222087bd,1d8fa53f-29fb-4ea9-b63f-47e7ec1288e5
9090f963-7b09-452f-a169-aee6f47aa6af,f9d88348-f021-44b9-9320-fedb6acc5ec9
24a362c3-8b90-48ff-8b7a-d52a1b822493,b0810c76-6603-47c2-91ea-a27c034afe30
7982a579-f173-485c-8ff2-ee134835509b,eb12a800-9059-4f09-8ac4-24f7f39a9918
a952a476-8966-49f7-af66-7214485e20c8,c56fd663-ca47-4ab0-a67a-61fa4bb96be6
d0c89735-2f16-4550-b7a7-fc92b556c920,9a33f2b4-845e-4cba-be87-cf7fa529fdc1
445beef4-84ef-47aa-87e7-87b9189d4b5f,3458e2ab-f0c9-40e3-8c86-feb3087ae44b
2463d2b1-918a-492a-a86e-6d8dc7d82a22,5657c534-96e2-40ed-a9c5-4f10c68c7ef4
636c3eb7-df81-49af-bee3-33cffac00ab4,e749552d-6e58-4ef7-908d-da5d800ba1e1
6a00b7fa-f95f-413b-b73c-c322db14cf1b,653b4469-1e9a-4903-b673-a29ebbcdb079
fe47176e-6740-4c23-9211-04c05e1ea7cb,7614007d-df0e-49a0-b135-3b8217b12640
5d98c9c3-6f49-45f6-b14d-66e37c848978,92b3dfb3-9cfb-4345-bade-d3201799cb03
2f9b4929-9cc2-489c-8fe6-17516c4a42db,c30252a9-20f3-4969-918e-57258cfbd283
4ffee7cf-9a21-46ad-8449-ec7d4833466a,6f6d6424-e982-453f-8a86-491fd0a3bacf
5e470fe1-eb15-4ebe-a162-12532f4ccc8d,4e340610-7852-49b7-89de-63248b061d98
f9d9a413-1262-4afd-8bd0-c473c934e141,6cbe2e8b-d716-4d39-b640-312aba7d5fe5
b4d1de94-b205-45c4-bfeb-b5bad574d9ec,230142f0-e360-44be-95ac-a8232a53d626
1fc7abaf-1818-4d04-80c5-b040bd858777,19741d13-c84e-4831-8ce8-326fdb689df7
683f369a-ee42-47d0-97fd-e90aea74c485,c5fb6434-9f28-4af5-916a-48a7667ef99f
a952a476-8966-49f7-af66-7214485e20c8,aa0f014c-7b76-4483-aa50-427d91c44c39
e4fd3c00-14ab-4c80-a3df-43bd0916f8be,ed73b6c9-3a1f-4150-a444-e910a17a69a7
35a8f9aa-03ef-410b-a436-d9aaf260e510,a5a9781e-b66b-463b-aeca-7719bfa6085a
b7745a5a-66a0-4d63-b668-f24b3199b393,a4d196e1-4665-4bc1-aef2-27ef7ff632a1
c65f5a13-1948-4571-8434-9d5ce8b35c53,6e1c6464-b91a-46df-b23c-d1ddd02a7711
53c0a97a-f5de-4232-a437-f0a9bf48d6bb,b844a49c-bed2-4c06-b151-39996681f6fc
34e21c56-354b-454a-9c79-0ef7cc00f727,12e78c98-ae9c-4798-b38f-fd3892e52c9f
177cad4a-2f39-421b-b1b5-bed8797d1287,576bba72-7a05-4a31-8976-6b1d62293f6b
19383543-53e5-422c-9998-8e29d6f1a470,438c25ce-590a-4ea2-b212-77bc4ee1d325
984b35e5-7583-4714-98a1-232e6a2c7244,8250f1a3-6f6b-45d6-9335-78b180d85772
a973a2ef-541f-4f53-bab2-3c506e47b2d4,eb12a800-9059-4f09-8ac4-24f7f39a9918
ab28616c-33b8-4a31-9829-441c8d155fb9,96c9deaa-cde2-44e9-b86c-bf94c64eaecc
9e27de76-edcf-4c38-8caf-795ea5bc09eb,4ba3cb6d-3709-4aa0-bb7d-e9a07cc363dd
9997cc70-9f69-4ddb-ba8c-5b41c3f5ae0a,73c4e3c1-630d-4070-b38e-e7b74e1cba32
5a25d140-1fd8-4230-9a66-df8ce3d11ae3,20a01d90-714c-482c-a869-2695928f3e7f
b41d7940-a077-48b0-a1b9-2f4fd2eb1e55,fa622708-6a4d-4e39-9a5e-0861dce95468
a554440d-0a23-478a-be82-cd218eee7ab2,5d9e6583-2b37-41f0-aa44-6501e0a18df4
c43a7ccf-2948-4ef9-b2ac-370dcd3cd906,23729a37-d4ca-49ba-a694-6fc3562bc62e
29f418eb-0f7d-4ea6-b5d7-244c13290f04,f3bda7e8-64c6-46b7-8f77-098a7f2d626d
c5514fb7-4aa7-43a4-bd2e-62033f50cd5c,fb491da5-72ba-47f3-a80d-946af7785c93
47f54378-c6bf-4fa2-ad02-4271dd5b5c77,8ecb7dfe-f533-417c-b98e-f44bda748e94
8dd9ca86-e85d-443e-ad94-c9acc65a0fcb,e1cf651b-e70d-4bbf-9c2b-c28558a9ecf5
9513978c-0383-4022-889a-6055a86d4468,a6b71900-efa0-4d92-831b-62349c4dddad
cb279ac7-4496-49fd-8880-70f6fb2614cd,7ef9b8f2-eedd-44c4-b8dc-b4f47d250452
987ec3b2-9d69-41f7-bab4-e1dce984bb28,114fbe26-39c7-4e16-a388-62cc272579c6
b093ddf1-0c44-4b24-ba72-8d89f2cc3edc,5522a277-179f-4c4d-91de-78fc2b50b0df
f964d431-5379-4002-8548-4a58c1f7dd2a,21620f21-e166-45e2-8f7a-8337f966163f
80603750-8030-4599-b2fc-08e0c7a7e864,7d93e8b1-3670-4512-bae3-e7d0cbb0be7a
81870002-8c79-4b10-b07c-c501228ba982,a391ba4d-00cc-4381-95c4-e19cae6a2a0f
bda9911b-a118-43e4-a41b-37e2f766bbd6,b2efbade-a59e-406c-9f1c-3bc82bf80b5a
c68e97e0-d69b-466f-838f-d76c1fef9a01,5aca1d7e-1eb4-453a-a3c2-38ee1e48302a
76d22510-63dd-4f49-8602-9176e19cd114,035d9bb2-57c1-43b0-8902-17307945849d
8844dcc5-0972-4be2-b83b-217e60e5253d,4f8193e7-aded-4429-a53f-5c71df26e42d
718617c8-0dd9-4ac6-82ca-7093beaf549e,8f444110-830d-4555-8daf-adb07d903807
8461eba0-b9bb-4388-9559-c006e9b0749d,c6f1b4a2-ac25-443a-a4f9-369d13c3f3e2
5de8058e-4a21-4e43-8d9b-1241b8cbed10,76b7be87-1064-4404-a116-d0f23d46fee8
8bdb399f-6ef3-4299-a042-ecc09c2eb828,97d63119-b966-4b67-932a-bd874e83facf
31fa7bf9-f38c-4215-94a0-561429633a4f,189c6a6e-1181-4c65-bfde-7e82ac22c69b
598532ae-95f4-430b-85b3-651e945da51b,d4400b4f-833e-4077-b08c-f19fd4ae1f9b
1c89727c-2c4a-48f5-b255-23d6444ba6cc,13e1417b-bdb9-477c-87dc-e7d919f9f6d0
a28520d8-6191-46b9-9d8a-f8062aa07182,0ccc4ca8-1c22-4cc9-bb38-24deb3a3e8b8
5c0002f2-ec1a-4b35-870a-3ca9595090b3,80fb9884-541c-4de5-9f45-5c69eee1a229
fbd8b62b-6c14-4dda-bd59-3e99718a53c3,75ab3ac6-b567-4d2e-a92e-40281bbde6ed
bc7b374e-1a8a-4352-80bd-ea79069a9216,1b72aaa1-17ff-49a5-bb65-55970d650511
1196f296-28a0-47f8-9ed9-abc950dd8f1d,6adf8cfd-374c-4668-b91b-523a8d6cd5b5
a4acd8d0-8c52-48a1-848f-ee32b96b8359,5631a008-2f58-4aef-9046-686ee20a5e41
0272e986-dfb3-445b-9dfc-4fa8d7b650fd,1fdfd8c2-6592-4f8b-b4a7-5d330ffbf8eb
ba097aa7-a4e0-4ae5-a2ec-c4c62627c673,7d48f45c-e4c9-4f65-bf1c-33b80adf3178
21b11385-aacd-4477-b60c-81f5b3f7bcbc,a50c0c34-e7ef-40c1-9123-75384b38b003
6eab3cdc-917f-44f5-a545-f69a31527fe2,a6100649-d511-4ab3-9156-242be6c191c4
7aaed689-41ef-4da0-bff9-765450decf66,a4ad1434-107e-4c7e-a18a-3b701cec5376
29000adb-6a04-4ef0-97da-1a0833d9e29e,6e54dde1-7093-48d0-856c-a09bd4a2c532
06e03e86-192c-4663-8ca4-ad59d9036a81,05d5a2ca-0e86-4bb6-83bd-36ac528414c5
be900a98-551a-4310-a930-53f21292c70c,97d63119-b966-4b67-932a-bd874e83facf
700fc1f3-031a-4fe4-8424-e71b16a34bcc,fa1b7fa6-f09d-4144-a42d-904d2d4c3ef3
939bc383-7b6d-48ad-bef1-590789738234,063dea93-1acf-4d9f-8ea2-178afd52dff0
79e7d53b-6321-4bc9-9263-d9b09baaf362,f27d408e-12c4-42c3-8307-f945df745182
dacfee73-ec6d-4b28-9bb4-1915873fd00c,b89d0335-004f-4a84-8f86-406a8da652a3
50467071-ed10-4c40-be76-55f31f9352dc,24733057-c894-434b-81ec-4ead7b3f177a
e6300fca-9c61-4c85-8186-6cbefb92efab,0327638d-27eb-4bd9-af37-ac8bd1f20809
ef4e51f3-1079-44cb-b3e0-a50db0155dc9,e3f7a7b7-4b50-4a22-b06b-fefe8b379a24
b093ddf1-0c44-4b24-ba72-8d89f2cc3edc,e319d7e0-bf13-4d1f-bacc-170407927c49
157f286c-6840-4710-9136-ea8cdfdde923,23ebb26f-dbdd-4b66-ae8d-a480f5828216
26e99b59-8d09-4863-b4cc-56bfa25e6683,9ac0207d-0823-4525-a7a4-70f8cb90a22c
a504b22d-c60a-4a60-8807-fc599e31491b,70707967-fe32-4334-944a-370cd11f0078
9ead4b30-e10f-4201-9bd9-d772436bd1c7,06f320d9-0e51-4fb1-a073-427203a00114
03a053b3-def2-4d90-b2da-30cd3c99f5e8,dbe37307-ccc4-4864-addd-4c5998208b72
463d622d-7e0f-452e-8488-ab6c7bfe2ef3,d707d2f7-b5b4-4e08-9c0e-cfd977f17de5
4f5e7666-0729-4ebf-b75d-781e9c22ae2b,0db8f82c-5053-4316-ae2b-2177036ca7b9
a2452138-9338-4123-902a-3a56a5b78cf1,6fcf2e91-43e0-4ee6-b3f2-6523106d7eb1
a64fb946-69b3-44ad-94a6-817879d88e8b,44bafca7-2cfe-4f8a-b106-6bb81e37871a
e6d52b06-2907-4814-b861-ae4ba78bee00,3136270b-70ca-4e38-9221-8ce3526137a4
dcf8d6bf-8e6e-4602-8191-5aa94cdaa0ee,0802122e-6cd7-4317-9928-275e766e0bac
4a8d7c31-3037-4cd6-94b7-b95d3df9ef1d,0418f2fd-c81d-4edc-a3be-b3375c9d18cc
67d45b1b-b739-4614-afb6-73b7284b8eea,a7754e59-0474-480f-a9a2-870f336dda67
a0175201-931d-4bfc-8747-71694f92395c,44cb6a04-d21d-4ab7-9014-1bb0f35db75f
9db45a14-fd2f-4c5e-a662-8560bfad22c9,3136270b-70ca-4e38-9221-8ce3526137a4
73ae1ee9-e822-4607-9ef3-8fc6fdd3a1aa,4c38a088-198a-42ea-9a2d-16b0200598cd
c43a7ccf-2948-4ef9-b2ac-370dcd3cd906,7a73b0a5-fad3-4ef8-895d-d9969df4bb1e
3ede4c1b-70d5-4f44-ae14-44af083c4d68,dc491d16-a1b6-4d0a-88b1-2c906c29ace5
88c145de-0eb0-4b0e-a5d5-5ac5dd5de79e,f8425be5-0f2a-4004-8193-715f7ce289cd
450de4fb-18d9-43d6-8107-8cfc3da79043,57149f66-bf19-4a4b-87c9-759677cdf762
5c7fdabe-386d-47ba-baac-a4a2809aa22b,61e963a0-910b-4af6-8814-e7c421e9cefa
f1d813d4-fdd5-4d01-b5ca-588f31890fb2,28df868a-5b71-4a8f-b10b-251594998c11
e0c8d2fb-3912-438a-9b38-7fe3128888cf,5ff04409-ebbe-4915-9459-df453f57fc22
a0c35b5e-7b2f-43b7-894f-dd0e0148e547,e48be28c-3b33-497d-a439-cb323fb24a94
7209b481-5ea0-495f-a5cb-6a47503e8bc3,5ff04409-ebbe-4915-9459-df453f57fc22
f4b4c9e9-113f-43d3-ba3d-044e94e866c6,ef931d3a-0e96-4168-aa67-05a86d59205a
538fb10b-a1e8-4062-998b-8d3cd610b3c2,64124ca7-9117-4c66-99c8-7aef0cfcb6d8
d3a0d8f7-15c7-4666-a1bd-8e5bf488ca9d,640723c6-12a8-4f90-ab05-273335c2f736
5409a308-de63-4937-864a-3665ffcbb573,d94e8b5d-a41d-47fa-a2dc-a48b776fa2f3
ed28a2d3-11bc-4674-ae42-1ea9ca2b3cbb,eecbb375-09b0-421c-98d8-b3d29b7b2b33
d3a0d8f7-15c7-4666-a1bd-8e5bf488ca9d,bf066d2d-30ec-4944-9793-77fd0bc762c8
14b904ef-954d-4323-bc2f-df3b8f9cb43b,bca8e488-e526-4fcb-a9ce-83666382934c
38ebae1a-0f7c-485a-b8fa-3433cbff59ac,4e340610-7852-49b7-89de-63248b061d98
b47aeddb-9555-4546-9d2c-8d9e77220677,e319d7e0-bf13-4d1f-bacc-170407927c49
c240ef89-e0c2-4e3f-aabf-a226610b9a23,a4d58090-d54f-4a1c-a256-e21cb59ddd57
1e480920-b99b-45fd-8607-000c898fd8ba,8d5e2a4f-7ccc-417d-83fe-59f335519225
96176da0-e97e-4311-959b-35821b2aa818,48614791-2ef3-4ab9-bd9f-998a06723aeb
4f7c065e-f22d-46b9-9659-3c700e1889a5,1fd663f6-734e-4b7c-a1f4-355622dad875
046f33fb-0640-443d-a71d-7b432ccaad12,53c67e0d-1cb0-4559-beed-be5151125f75
9abcddbf-b740-4671-8d16-2e75f173870c,45b032eb-fc70-4fe3-89ac-19084d230a32
9cb0ce4d-5b1f-47ed-b256-6286e8e777f5,490dd747-ddc4-4c90-80df-d9e3f1b7ea9c
7e7d6d5f-c54b-4e3b-9119-15acffb75a27,7b06ab94-6440-4da7-bc3b-47a5c91c1085
0979aca4-a677-4557-abe2-9d810cb6e6ef,6f2a9660-94d3-48d7-9c88-e04c78b0080d
79f8635b-a803-47a2-89f9-64805237a763,32b5d3cf-b612-43f6-86e8-cff8142cea0d
bb1ce888-bdc9-4b30-ab4a-5cdca4958a55,5c437409-a233-43cb-b599-8699fc03be1a
0846bedc-9ff4-455b-99ae-82d03f0c80a2,52817dce-e8a6-4e33-a4a4-047708c00998
fd138df4-b70a-497d-9c77-38b166c3fcbc,eea4be53-4aa3-440e-88e1-c94117c093ef
8461eba0-b9bb-4388-9559-c006e9b0749d,301ac989-51e6-4d72-b627-a884f4945af9
1da7bc2e-7557-4194-933f-557afeed43ad,230142f0-e360-44be-95ac-a8232a53d626
46d469b6-9f6e-45cf-9ddb-37f76c552247,92b3dfb3-9cfb-4345-bade-d3201799cb03
43408b8c-d6a0-4401-959c-6e3d36c5e257,44bafca7-2cfe-4f8a-b106-6bb81e37871a
254cdba3-8afd-48f7-9880-14cf18cbdf8c,d45c37b0-8c41-4981-a5e2-1e205e344ac5
9d47cd3e-0840-4fa9-831f-ad28d9b4ba34,b3e27d8a-e318-47f5-9dab-9b336721554c
8d08667e-c4ef-4255-8528-08fa203c6077,1b708cba-935f-4251-89ba-6a8ff261f41e
e7799ae5-4855-4b35-8d68-608599e2e1e9,4613d598-d549-4fe4-b805-6997d8f88e94
9f1af43c-d3d7-4ce3-9d1d-a87aebaf2994,9768dc3c-856d-4775-a8cf-7f57af9ee662
0f433159-ccca-4088-b2d5-eec13be1756d,07f99265-f5d6-4bb7-ba7a-6d65518e6222
cdd869e6-2244-42a4-80be-74f45f07b85e,fb52dcd8-6e80-404d-aca3-0ec1c5cbeb36
3ad10606-29e1-4eae-8f20-63992efaaafe,27d47c31-f756-42b1-9aae-401ad62ebdf3
6729aa74-ab28-410d-a2d3-1d49d6f9767e,27d47c31-f756-42b1-9aae-401ad62ebdf3
b99976e9-2394-4dfa-b7c8-f259ed701291,7d93e8b1-3670-4512-bae3-e7d0cbb0be7a
f4024d02-be5c-4702-a935-8e91ba3c6d03,301ac989-51e6-4d72-b627-a884f4945af9
49fc756a-a839-4333-9f68-ad1fe8598c26,99cd38c4-5ab2-47ce-8dc4-1043455f87b3
f6548591-222c-4072-9f52-fa2e03356211,e319d7e0-bf13-4d1f-bacc-170407927c49
ac4c3461-1a12-4008-825f-11fff1592b3b,87d010a6-0bf3-44b5-a0c5-a4fa046cf9a6
4d546456-4ac7-4d3a-9baa-3d48985d1ee3,d14a7b04-2f1f-4cfa-80c7-f30686d9dab2
3b3bd8df-3f6d-4b59-8be2-6210b126c8f5,4f3afe87-42d3-4b01-acf7-6b89c014d2a0
d1ec4ad6-7453-4bd4-bffe-fa4c29d1fb4e,8e6f82be-441f-48b9-abc9-2b75a5a14595
42e002a1-9383-40b6-b0d3-dd9cfd00f412,db482132-611d-4443-b103-5b1417e961d2
7d22e258-45f9-489e-824f-739e64d3ff69,0510b5c1-f7ce-4add-9b8b-9d49aa50fb74
2b73f6c2-84fd-44d0-b84e-4fcde2b17b30,a6100649-d511-4ab3-9156-242be6c191c4
b99976e9-2394-4dfa-b7c8-f259ed701291,817bd669-bf27-4cb9-b23e-9d3b347b814d
c0a5541d-2568-420e-990a-c2c78ed40a24,ef2c580d-9239-46c8-89dc-a9586828a73d
448d342a-6c9b-4726-922b-77688afb1c12,0fe3c037-18fc-4fab-b8c4-eba0f1cb6a89
7b0c2ccc-4f86-4bbb-9f21-3612e6095068,41ad240f-13d2-4d44-a682-a11cd9254fb4
25a74fca-ba55-49e0-a230-7dae8288e2d9,7ed06d92-9261-4391-af1b-6e6ed98bf52e
cd5e7983-f6e3-46b4-b0d1-04b13133090d,a272a675-e0fd-4248-95c1-862beb2b57c6
a2c76918-4bf0-4ca5-a51e-493d84e444be,eb44231a-e400-4539-8eb3-dd92209c4d0d
c68e97e0-d69b-466f-838f-d76c1fef9a01,a4d58090-d54f-4a1c-a256-e21cb59ddd57
73feff7e-842e-4a74-877d-94dd7e43f698,69fb77e7-99c4-4faf-84c0-6a92853a63bb
3257ee23-baca-4de1-a5d8-bb638f54f629,96c9deaa-cde2-44e9-b86c-bf94c64eaecc
05f1fc50-6306-4bec-8f36-b3f66f8cf217,d923037d-c759-4398-959b-21671e44b67e
fb745f07-ad3a-48c4-af73-dcdb7f86b84c,2efbd457-7ce9-4605-876b-f7f667972218
0121a78a-f2db-48bc-ab57-0b0a4b8eee24,dbe37307-ccc4-4864-addd-4c5998208b72
5c22dcee-6d31-47b0-a527-7323e54474ab,b05e4b5e-a1fc-422a-b51d-0c2bdc42e58f
aa697237-cc71-4aa6-866a-86237f73a82f,dec95e07-6e41-43c9-9056-4560e7fa5c1a
aa697237-cc71-4aa6-866a-86237f73a82f,719bdb74-f47c-45cc-98a4-c4da2b29bb77
59d3f76d-f247-4dc7-b864-e1f65e5bddc6,0d88fe78-e0eb-40f0-b237-2b3efcd829b6
d67c1ea6-d310-4404-b486-ec587a8c2285,9c1269ad-d6bc-4eaf-a2ea-dbc4f41c3c09
4987efcc-6dfe-4f92-8b79-f2b00cb68367,37356349-b279-4afb-8d03-680f9a6ce4e3
06e03e86-192c-4663-8ca4-ad59d9036a81,c8a29eaf-2c10-44fe-9e67-a40c03cb3fd5
9a82a5fd-0e6d-4ca6-a79a-66a9e047cfe2,48a5beae-d3d5-4180-956c-2b66d9eb168e
68a0e420-0beb-4f85-80df-d04bf259cf23,85cd16c2-c58e-4195-bb54-7f493b5b4a26
800cf099-d4ad-41ae-ad37-aeda5fa51373,3f94af29-f719-48ee-b177-10d5c60017cb
ceebf77d-d128-47e7-8e4b-f1f8ea0cc37f,9913da8b-9d30-4a6e-a1c2-67752e6d2777
7ea42138-895d-46b2-b9c3-2ad17e2a3c88,d35adec6-312d-40c7-a0ec-f1792d7b082e
29000adb-6a04-4ef0-97da-1a0833d9e29e,5e59e9b8-e2ef-41c8-a5b1-e188ce3297d9
9a8ecaa7-2a7b-4c1b-9c19-f9034001d30d,a935b2bc-ebf6-42cc-aafe-e11dc616a69c
bb1a0710-7d3c-4c7f-8e92-702a08148ced,e0224c2a-b461-498c-a456-ad5e6f88fd7f
6b68b736-5f5b-46be-8540-eaf9e7329cc2,d1b435d8-2013-4183-ae8e-b2c468dc21fb
e91ff376-6785-4fd9-8932-662a41acdd6a,746c4c76-efee-4dd0-8d4b-d073af26a06e
32e5a713-f409-4579-aaee-7cee4957917e,3f94af29-f719-48ee-b177-10d5c60017cb
1d4c3b72-686a-4179-a2cf-db2a3325612b,3b0d81f1-1db3-4a2f-a709-605f3f168611
80046561-f3ec-4ca7-a325-8af4a6901beb,edd7750e-0bef-4f2a-a50c-9d4b55492450
c261cdc2-b09b-4b5d-9116-f839c5b7e5d7,84fe3c9a-a0f2-4c9f-b906-81bddfa2335a
f8d3499d-be22-4f32-b191-074cc9483730,28df868a-5b71-4a8f-b10b-251594998c11
5af1ac8f-0238-4c32-8cc0-787d3473ad31,659a65b5-121b-4cbc-914b-71dab649b122
bc7b374e-1a8a-4352-80bd-ea79069a9216,dc981424-84bc-4a34-a9b7-508018f30fa1
a9116547-2ec7-4625-82e0-bb0787b30cec,4e340610-7852-49b7-89de-63248b061d98
a262d31f-2aad-4ddf-843e-7f5c293e9a61,b11f9158-1322-49b2-82ed-c8136b928151
9513978c-0383-4022-889a-6055a86d4468,ed19a541-d32c-4f33-a612-3813433b7de9
fc2d52f6-7633-4196-8312-331e1a372a4c,44bafca7-2cfe-4f8a-b106-6bb81e37871a
1b1cbc55-612f-46ac-ba64-70c7370e4e45,4eaf1ee2-c2ee-4dca-b47c-a79c2212e80e
c240ef89-e0c2-4e3f-aabf-a226610b9a23,881466ae-0b57-4e57-a575-5b023869de8b
76633ce7-3fac-42ff-8f4c-98c4eaa73d30,3c0f0165-3a5f-462b-ab9c-eac5030a1493
add88b57-547a-4b57-a3ec-3f88fd999a77,15ab5ea1-d75b-4858-aff1-4c991ea7f6ea
5fc08b13-4c0c-4901-8ad4-d4f78e327d20,4858603e-5e39-4744-9cbf-513a95e4d2f6
fa6de112-f5d5-44f2-9613-718409b39991,7ef9b8f2-eedd-44c4-b8dc-b4f47d250452
4f5e7666-0729-4ebf-b75d-781e9c22ae2b,71a7ae33-09df-44aa-8bf3-d9e007cbf7a9
fb3cb7b8-cefd-409a-a090-841040ada1e8,79a93677-7760-470c-9ae4-26dadef59240
d250a17d-3ac4-48c9-948f-6609f13bfc6b,20a01d90-714c-482c-a869-2695928f3e7f
f766503e-8e1d-4db1-bd0b-874c34d2c671,9390674e-591c-4e0e-a440-c85b6b284a2c
b83b26e7-cf47-49c7-b611-a3b874112d35,288bdae1-49a9-4c83-b637-2be7f13c3528
a64fb946-69b3-44ad-94a6-817879d88e8b,a1a082f4-3b74-4290-a355-942bdff151a2
3dd1b4d1-d686-4b83-9e48-6749d5edaf53,c577fcfd-95a7-4edd-8eaf-386c0f43a28b
c8f29b3a-d55f-4713-b205-a7ea8fd62afe,87ad5e35-8211-4e00-86b5-142d0afeaa0a
a77a54a7-a369-4ba6-b8ec-aeae2fd96ea4,1998076c-e569-4641-b480-e6bfcedd0c48
1fdc2b7d-feea-45a6-a305-28f909a47cbf,84fe3c9a-a0f2-4c9f-b906-81bddfa2335a
86bd0197-1d60-45c0-b879-a3f39ab2c11c,2ae3dd04-7430-4e5d-9f01-1e501270d70b
d2da53f8-e39f-47e9-8979-4de9b6568fe0,6bd236e2-de5a-4ce9-a5db-b1a78ec6f79c
3a3bdbfd-584f-4e3d-99dc-7bacaceafca3,1b45eb4b-ece1-45d2-8679-55c282fcca00
e7799ae5-4855-4b35-8d68-608599e2e1e9,ed19a541-d32c-4f33-a612-3813433b7de9
4013bbab-f53a-48f0-835a-6d52ce0aa69d,8c1509f5-7239-45b0-ac5e-7ef543e7243c
baefec89-56e7-4bde-be49-62cf9bcb5f7a,1418b4e4-c19d-48c2-a255-fe5b47c09a83
41f44caf-272c-44e6-bc65-cae9bc33da23,c51f1cc1-3ce4-487d-a74e-d12781f25a18
8dd9ca86-e85d-443e-ad94-c9acc65a0fcb,a97a1e90-3bb2-4046-b205-f7a4430acaf9
331535b8-f823-4a3d-a73a-102c1c75a813,13e1417b-bdb9-477c-87dc-e7d919f9f6d0
31fa0569-767c-4eb0-b44f-b5c12727e7b4,4ad278bd-0900-4a58-a648-2ffdd4f857d0
ffb95c97-4992-4892-bf2f-1a862d136e72,80cf0755-a4ff-401f-9c1f-3481587ff6ea
b47aeddb-9555-4546-9d2c-8d9e77220677,7c21259e-ab45-4542-b67c-9bcb6d78570f
13b9feee-9ec2-44b1-b59a-ba1c9d2e911a,b9ffe0ad-bab7-4988-8d0c-2e7e6cc9260a
f4476823-0697-49b3-b036-a2322b71cbc8,1fdfd8c2-6592-4f8b-b4a7-5d330ffbf8eb
0e4ce460-15e2-47f5-b85e-8205f0c27d8c,f444c3fb-4a6a-465f-aaca-2a95a1bf157a
5a61fd02-9191-4fc0-ad9b-07e078f0ab93,e093cfef-fffb-4be2-b48f-73dc8b14769e
538fb10b-a1e8-4062-998b-8d3cd610b3c2,52e2b143-6c58-4919-9848-4829774235bf
e38e0670-763b-408e-8142-03ab54331738,144090a1-cf55-4f35-9d7d-922fdcda255e
87fbf843-24f1-46fa-832f-c2fa955cbf0d,8317bea8-cc34-4331-9fcb-38d755c9e036
26e99b59-8d09-4863-b4cc-56bfa25e6683,df793858-1931-4adc-996f-f6c95b29e0ee
1c77a532-0f8e-4cd8-954f-a3c46da10663,b5866b29-1dcb-420f-8621-5377c0057af4
5fc08b13-4c0c-4901-8ad4-d4f78e327d20,b72374f2-293f-45cf-9489-68de50e71a3b
e6d52b06-2907-4814-b861-ae4ba78bee00,f3bda7e8-64c6-46b7-8f77-098a7f2d626d
a9462224-aae6-40a3-bdad-24795047f2bf,14bceb9e-681f-4f47-ac71-c3c586ef4af5
6a883717-ed71-4c59-8a5d-1053e49f97ba,ea4935c9-c585-4f2f-b779-4fa704f8957e
bcbcbc86-d2db-4f30-bab1-966a05875eb2,1b45eb4b-ece1-45d2-8679-55c282fcca00
2b8a3caf-f9f6-488b-a1cd-bd1804ad2111,546dc91c-9e71-4107-9cd2-4000b41fbe93
a9462224-aae6-40a3-bdad-24795047f2bf,481c5558-66de-4282-b180-662b2ae1aa78
a0c35b5e-7b2f-43b7-894f-dd0e0148e547,1b708cba-935f-4251-89ba-6a8ff261f41e
9b8c59dd-5cf6-4e0e-9161-a8f1bf75555a,e6257007-98a6-4065-8880-fa10515e11eb
46d469b6-9f6e-45cf-9ddb-37f76c552247,3136270b-70ca-4e38-9221-8ce3526137a4
6b971164-9ee6-4e3d-891a-69a9befc0796,3abb6193-a896-4df3-82cf-f3ee90709b0f
e38e0670-763b-408e-8142-03ab54331738,64124ca7-9117-4c66-99c8-7aef0cfcb6d8
9db45a14-fd2f-4c5e-a662-8560bfad22c9,3a7bc6c5-f5c8-4d3a-93e0-2d9565601b34
ab620a80-9959-4844-833f-415279ba890f,50379150-d796-4b44-9d57-49a62e4ed427
fd138df4-b70a-497d-9c77-38b166c3fcbc,655a4438-a993-451c-8a3d-31f9db4521e3
0846bedc-9ff4-455b-99ae-82d03f0c80a2,53c67e0d-1cb0-4559-beed-be5151125f75
2a44e415-a19c-4864-9e7c-0f8975416707,5aca1d7e-1eb4-453a-a3c2-38ee1e48302a
cb5c3391-05fb-4fc2-ae2b-6c6f8283a2f6,bfb78275-de85-4322-97db-3a61fd08f53e
edaac398-a0fe-4e5e-b249-cdb28a35560e,9c8b24d2-a572-4c60-9d04-d1cd553cfa40
2a30864e-b3c4-416d-8375-57567eb95119,40b1b995-1b16-48f5-ab5c-d30ce2fc7281
b78ec647-c9bc-4b56-b26c-4ddde7343faa,fa1b7fa6-f09d-4144-a42d-904d2d4c3ef3
1250d67a-8fa0-4847-8036-8436fe3d92c2,230c7aba-8b91-455c-b1be-40100f7f3bdc
d0c89735-2f16-4550-b7a7-fc92b556c920,f77ab882-14f4-4e7c-8226-52965dd42c1b
e7f99a79-a26d-42fc-8c4c-4ae9e5897ae0,f27d408e-12c4-42c3-8307-f945df745182
0272e986-dfb3-445b-9dfc-4fa8d7b650fd,eb12a800-9059-4f09-8ac4-24f7f39a9918
5581e6af-c18d-4b45-9228-41184ef72028,57f59511-da29-4928-a0a2-cb645a015139
9bfa99a5-4993-4ea5-abd7-fc20d4b307f6,74c20b68-f888-4366-96f4-9370d8427b6e
450b8eb9-7918-4e21-888c-29ffaec8ba24,ed19a541-d32c-4f33-a612-3813433b7de9
9b8c59dd-5cf6-4e0e-9161-a8f1bf75555a,edbbbc43-9f07-4d7d-8fe2-a03df6ea005b
7aaed689-41ef-4da0-bff9-765450decf66,ddce93a7-52ee-4ad7-b4f7-33d3461ad86f
40fc8727-024d-42d2-b53d-8e49b90aa703,713dc1f1-5a00-4f05-9c15-4e4c7f069941
e54be211-3c80-4816-abef-ddd0f9a288fe,f068ecbe-cd8b-44d1-b1f1-9e58a0af8432
b8e3408c-3f9a-451c-af6a-a023a8497f2f,69dc6c91-f821-45e6-974d-734e408e8696
ede9cf73-4be8-4715-af67-03c82398f6c0,a80fd3a8-9437-4fef-aab9-434a3bdc7026
be2b80c8-9a24-4461-acb9-8c247fcc80d0,d0ad7d2d-dfb3-4e82-95ca-759a04af4cf1
e68ba659-c0fe-4c3b-b488-12e06ae0150a,c730fc1e-460a-447d-bb0d-2470b769678a
54e521e2-0c39-4e45-8a9d-41e6757f1236,eeae47e4-a374-4d09-a7cf-699f009196bc
6a00b7fa-f95f-413b-b73c-c322db14cf1b,db60da28-f91b-41cf-bae4-842b8921027f
37df8925-98e1-48e8-b42f-7b7ce626586f,64717d4f-5bc8-4c17-bb5f-813ed7433212
e9f9e51e-431e-44d8-83a5-2d6029de02d6,490dd747-ddc4-4c90-80df-d9e3f1b7ea9c
e6f43901-2a63-4620-b95b-e9fc17575fda,b5c67daf-8de3-4687-aa96-819ec5631b1c
2e799535-777f-4c50-9904-1f811660f300,7c15ec22-7053-4f07-b1a2-74c176c7534c
8a66febc-5aaa-4ee9-b214-ff70a1bf2175,427fd526-44ba-4f7a-950f-8745c5fa1bbc
05f1fc50-6306-4bec-8f36-b3f66f8cf217,4649ad39-cf9f-46a2-850f-1ffdf1793ba9
5461b374-47ac-4886-b188-4bfb22cb67d4,2e940c21-e862-4581-b777-57c584f5e831
d7768e8e-7100-4aed-a777-666893a8e43f,d1d523a7-4c7b-4161-9acd-b5097135d5c5
8a77148d-54de-4eac-b0f6-77f852ddde57,8890b734-c7b2-433c-80a7-82b860dc8679
2c1687fe-4fb6-4092-9361-57f51b52b623,edecb621-ca30-4ae6-839c-1c5274c4e997
731437ab-dd8c-46d0-9fb4-a576c01f0d4d,27c7cb06-0698-4a19-abe4-c2e7abea6c0a
370528c8-dd37-4c3b-bcae-56275483581b,2d67188a-c0ce-4f4e-afb2-316bd142667b
e6d52b06-2907-4814-b861-ae4ba78bee00,3c0f0165-3a5f-462b-ab9c-eac5030a1493
9273137f-ad88-4b2a-93c1-421ce3c5dddc,5d1752e4-3975-4796-b103-cde9004ceb5e
90d3a889-ac64-46c0-881d-fe72baac9df3,3c0f0165-3a5f-462b-ab9c-eac5030a1493
ae080aae-7849-484e-a34e-10c3c31b1767,fab4c001-3c2f-4b1c-8a4d-cd6fcc5385c4
b04f5d80-aed9-4fa2-86d3-f061aa40fdfa,ee7d7646-6203-4c0c-82bb-fdc8c883fd09
a7bae0c9-475e-48fc-a7cc-6a19076fa182,9a33f2b4-845e-4cba-be87-cf7fa529fdc1
d72cae91-d644-494c-b892-fd47e4887212,4ad278bd-0900-4a58-a648-2ffdd4f857d0
6296280f-628a-44be-862d-f86a6621bbcf,b60e4638-2879-44f6-95da-8467901c4d0d
6dc50dcc-5577-4a38-beb3-f8a93833c62d,00ea5ee9-c95f-4490-ad44-c2700492c799
ffdb79c3-dd60-4be8-b60e-a51baeab05f1,e246b139-fe47-4ecf-af00-f4193b2b5b8a
b1a8b3e6-d70c-46b2-88d0-e3499c96b652,7da15a27-fc49-4819-b011-72cfc22b3c4b
1a281dee-f99c-4778-a733-e8d3bbc56000,2910d0f1-151f-4332-ac64-32c8238abf82
e87d7b7e-338a-423a-a947-c89d14482e40,ef2c580d-9239-46c8-89dc-a9586828a73d
9ba83b1f-b62b-4685-95e2-87a2241e0880,254b1de4-e94b-4f25-890e-2ffd3cb964ea
746d4de5-e9c9-4c1b-8daf-3ab89bcb5d6f,50379150-d796-4b44-9d57-49a62e4ed427
4a9f50a2-35b1-46fe-b71c-4d6522606573,519007cb-2f60-46c5-857b-736ec4f1f3e4
40ccbd8f-fdb1-4bdb-a084-2735614bdb39,a4d58090-d54f-4a1c-a256-e21cb59ddd57
8a54a480-3fc9-40ad-bc14-6c8be97e635a,d1c7f421-7c0b-448b-957b-edc958cacfff
3c266a90-5c19-4347-a86f-953adc560c29,f3bda7e8-64c6-46b7-8f77-098a7f2d626d
bc9c9834-5947-4828-aa1a-1586dac49d2a,ba55c086-0261-4279-8921-6907956645bc
82213fe0-9ff7-456f-ae70-f930eb167257,36dc51f6-1631-4cef-8aec-26467ab8e859
ad47dbd0-a7f4-48cd-94cb-be8840f0869f,3c0f0165-3a5f-462b-ab9c-eac5030a1493
c240ef89-e0c2-4e3f-aabf-a226610b9a23,e5b77d5b-490c-4b4c-8e4c-1321209a8e8e
eb2806bc-195e-48cd-9321-aaace8f07af3,61cb470a-61dd-4be3-a9c8-bb587c9d85e6
d6114215-0b1e-420a-ac05-04c275ffe71e,d8f69695-1b15-40cc-b6d0-714a3f21bd81
1b1cbc55-612f-46ac-ba64-70c7370e4e45,2c4fe128-c811-4c05-9e14-69a329b0c362
19383543-53e5-422c-9998-8e29d6f1a470,7f45287f-3ebd-4a40-81e9-81e26fcb35ab
6729aa74-ab28-410d-a2d3-1d49d6f9767e,9a66adb5-6beb-4e23-848d-81f9ead3544d
b093ddf1-0c44-4b24-ba72-8d89f2cc3edc,5a1b1591-3af8-4e2f-bfe6-81f16a683672
19501b70-c2a5-41d6-96bf-64c47f8d9455,90530771-2d46-4296-9801-0697c2366ee8
1a08b032-b5dc-4835-a9b4-57a1663f1add,6987f721-7d22-43dc-884c-de3c9370ed5d
98620b7b-0fc7-465b-8ebf-e8f26c44a86d,3776ef06-d784-4bde-88b2-000e6e721682
bb46fc06-e673-4c43-a9c8-38663e78d899,f13106b4-251d-451b-b747-23af4663f9e9
6f81e87e-6b75-4b93-b0e9-f7bc3125c57c,438c25ce-590a-4ea2-b212-77bc4ee1d325
e4de059e-d299-4eaa-a896-a079a1871db5,546dc91c-9e71-4107-9cd2-4000b41fbe93
6ba0d0dc-337d-486b-989d-7e7d74803abd,972c96b7-a4f5-4ca6-a6b3-ee28ed249993
77885877-82f1-4e50-bc5d-b0691b8e2039,fc6f88e9-fcf3-41fb-9e36-20021c8cee4b
6b68b736-5f5b-46be-8540-eaf9e7329cc2,3cadf114-4ace-4327-a7db-15bdf374f979
c6952ba7-e496-4782-8529-0fd0eda4b197,7d48f45c-e4c9-4f65-bf1c-33b80adf3178
69a99699-f91c-43d5-a3cb-5210c4e4e24d,e76ccfff-fdde-43cd-86d5-94c247fdcd50
811c0185-0ad3-4cc6-a80b-9fed8be8a777,d94e8b5d-a41d-47fa-a2dc-a48b776fa2f3
d2b10382-8768-4237-90ba-629380abc2e4,c0de210b-3bb2-4225-bf06-19bd687aa8f9
0bcfdf41-53f8-4b9e-b961-10470d37b330,bae4b85d-b3ec-4346-874d-07ebc9d8c6fb
14c44dfe-a422-4c86-967b-22af8d5fe94d,dd2f837b-601b-47fa-9ddd-17e2dcc49c6c
d5896b1d-ea8f-4d41-b3d2-7f0c44ce7764,bfb78275-de85-4322-97db-3a61fd08f53e
a554440d-0a23-478a-be82-cd218eee7ab2,7f45287f-3ebd-4a40-81e9-81e26fcb35ab
fdf5f935-5ed6-49df-8245-8be79b65c656,af669568-7a4f-421a-a58a-c3177b452696
11189bb9-6a71-4062-a8c0-62b7657e4897,bf3d965e-857e-4890-b82a-973319af2e69
e3f9a169-eb75-40e3-a1e9-5d53dc30641e,400e2995-b05d-4452-a35d-a54dc12b2134
b55b9d4e-ad60-4c76-a684-75d188ffda20,61e4940a-09fb-4af4-8a76-2ff475850613
e87e9df0-1180-4cf0-bb8f-66416003fec7,7b8c2136-b4e8-4288-9f12-279a4780fe55
678a7219-b3ad-49cc-8c5c-487e6ccc393b,d998f107-691a-43be-b836-af3a15486acc
90d3a889-ac64-46c0-881d-fe72baac9df3,f0f51f51-f3f1-45b4-a249-3e9ddf984ac4
76b92eb3-ea10-4412-b6ca-2ec8850bbb3c,a5343c63-0bfb-4740-96f8-c694b0a63794
5581e6af-c18d-4b45-9228-41184ef72028,a5343c63-0bfb-4740-96f8-c694b0a63794
485d634c-c60e-4892-b6b8-5d97fed24bf7,87657ef8-41ef-41f0-b03c-d6d4eb2e04b8
f31cdfb2-0231-4dc2-9cfe-7ff0bcdfe3b7,144090a1-cf55-4f35-9d7d-922fdcda255e
1165ae93-ce82-4c8b-b7a7-ce8931229d38,4d6aec34-6c94-4110-ab35-ff1649d6956a
827830c1-e9a4-49c7-ad9f-bc0acadd6964,7d68ebc0-0280-4bd8-9c70-b8b964f55e34
19501b70-c2a5-41d6-96bf-64c47f8d9455,9c8b24d2-a572-4c60-9d04-d1cd553cfa40
9997cc70-9f69-4ddb-ba8c-5b41c3f5ae0a,0a9d7a04-2103-4683-a65c-c7bd5d914a76
0f7693ae-80d1-481e-bd9b-6fe69ef4d296,5841c185-97c2-483a-960a-ce542648dc16
dfeab2b8-c5dd-4eaa-8b9a-cec730b9c15d,79576ba5-ba1d-4996-83e1-7dc3573117b6
10531e5c-11d9-4f3f-aba9-ffac8b2d889c,4c0600ca-e5d7-4643-9504-d786802f5dc4
0f433159-ccca-4088-b2d5-eec13be1756d,97d63119-b966-4b67-932a-bd874e83facf
73417b40-ec9b-4c3e-b18e-194a58942d5e,8feaecd2-da28-411e-b0e4-9a5e2b005269
eadef8f9-bd08-4a38-98cc-d74cbd2e48d4,7d93e8b1-3670-4512-bae3-e7d0cbb0be7a
1be8102e-65f4-4aa9-93d5-bbe96ab06dd5,035d9bb2-57c1-43b0-8902-17307945849d
82213fe0-9ff7-456f-ae70-f930eb167257,4ee30d25-2d5a-4995-8670-374772846540
bcbcbc86-d2db-4f30-bab1-966a05875eb2,bfb78275-de85-4322-97db-3a61fd08f53e
64001e84-386c-428a-9858-af09f3ce3409,41bbf7d8-40ae-43d4-9789-9947e8a63ce8
0695842c-7ee0-401f-b289-7f531edefe33,52817dce-e8a6-4e33-a4a4-047708c00998
b09c99f7-4462-4baf-8bc9-427d5848556d,5841c185-97c2-483a-960a-ce542648dc16
3e1c26f1-ac03-4782-9db9-e595c02e31a3,57f59511-da29-4928-a0a2-cb645a015139
c5b4c4e2-c585-4054-8044-02942a53a15d,153ba419-6024-402a-a1a6-9603a8188e49
2932a332-3562-42a3-a690-84a02059ca78,5113afba-6a62-416f-bb74-f6340229cf93
2a44e415-a19c-4864-9e7c-0f8975416707,287c85f3-62dd-4774-bd5a-f77d971ec8ed
fa6de112-f5d5-44f2-9613-718409b39991,f068ecbe-cd8b-44d1-b1f1-9e58a0af8432
75bc82ba-c368-48af-aa8b-1aed5d2d16e3,c95228d0-043a-46c2-bfdc-1fedbbc4db3f
c68e97e0-d69b-466f-838f-d76c1fef9a01,ff0f9071-70db-4504-bcad-421d487e04f9
d0d2aa29-dd39-4a6a-bb80-5778cdb66a49,5085cfd4-81c4-4ba7-a0c6-35174da8642f
94ac9e8f-d85c-4100-8056-0bd7b74ff762,61e4940a-09fb-4af4-8a76-2ff475850613
4262f889-fb8c-43e5-b446-ef731dabc4bc,245581e6-ae3b-4ab9-a6b9-de7bfa08b103
167d13b9-da87-4bba-a662-8e7fd0012842,fada8fb9-597a-4965-8e60-7f63f1201013
02acdf85-04e3-46c5-95c1-dff1693d5f85,ab4b659b-6426-439a-987f-44fd502ec9a2
5c22dcee-6d31-47b0-a527-7323e54474ab,6a056743-38ee-4a19-ab83-c2cb49959be9
17494704-bbf5-4a81-a730-8a6dae223a96,65ae8fa9-5914-4a69-9fb4-c8f44ebc4319
827830c1-e9a4-49c7-ad9f-bc0acadd6964,0db8f82c-5053-4316-ae2b-2177036ca7b9
38ab63f6-a3bf-4183-bd81-4cd7e6a9b6c1,a92563f5-a186-4b71-bb83-81040bca85b3
1e480920-b99b-45fd-8607-000c898fd8ba,2344d4f9-9afe-42e0-b17b-66f3f69c0a17
1a02874f-cc3d-45d4-9364-35ff6c2816f2,bce145ac-ab5a-471f-b039-96029391205c
dc73d40e-0647-4662-bfed-c61c4a054b73,019ad3d4-d6b4-4a58-a086-151013f19270
6100cc6a-64d5-4995-89a8-946cad39530c,dbe37307-ccc4-4864-addd-4c5998208b72
a8d2bc7d-ccb9-48ea-a9f1-1cbe611b2d86,8a79a1f9-ab68-4bf3-bc6a-75ebe61da517
a2c76918-4bf0-4ca5-a51e-493d84e444be,99cd38c4-5ab2-47ce-8dc4-1043455f87b3
51a134ec-f85d-4ad3-aa68-a53b571815e1,2d49352c-72f0-4952-8024-9ecb568c76bb
eadef8f9-bd08-4a38-98cc-d74cbd2e48d4,5e59e9b8-e2ef-41c8-a5b1-e188ce3297d9
471eb2ac-9ba7-4b3d-95ab-a8e831c26e4f,a8923dad-2213-49de-b6f4-a4b5462e30bc
6eab3cdc-917f-44f5-a545-f69a31527fe2,a0698a05-e3ba-47be-baa2-44a5d7c3c431
946c606b-eb64-425e-976c-84b22b4033a0,d602e98c-8f5a-47c8-8c4b-8ef274887d49
be0382a0-5a3a-42e5-bddd-59bd0b74ef86,a600baa2-8feb-49ba-8db4-735c521aa5d5
d520fa0f-b26a-4a87-9be4-67840e5271fc,7be8f82a-f902-4c9b-ba65-fd2cb0127ec2
91e45c79-6657-4fae-b4d3-9ee879578301,cfccd8d8-9404-4593-bab5-a6b90a89367d
69a99699-f91c-43d5-a3cb-5210c4e4e24d,b47a498f-2cc9-497d-b4ec-ac412897be79
a038208a-e633-4ce0-aaa2-37c302446bba,af71f71f-194f-412a-8c33-7b1fe4f46065
2738f81d-10f4-4304-80da-f5d75dc40aba,e456068f-2a54-471d-b036-f4d07397fdd2
4cdc99e8-4836-4abf-8a40-4cf9e77956e2,0418f2fd-c81d-4edc-a3be-b3375c9d18cc
f6a627a4-793a-4223-a43b-29fa3b5c56c4,4858603e-5e39-4744-9cbf-513a95e4d2f6
1196f296-28a0-47f8-9ed9-abc950dd8f1d,ddc8548c-3d49-4e39-b190-fe486da2ee5c
3a7d8770-ad5e-412a-9c06-8f122159147e,5a71d07f-0aeb-4f3f-a5a4-8354165debab
e691fd7f-8434-45db-8f4a-de8c4c9828c6,1b72aaa1-17ff-49a5-bb65-55970d650511
8a77148d-54de-4eac-b0f6-77f852ddde57,f1972581-9a7e-4876-9073-6b63f45e168c
995cbc4d-9d5c-44c6-857a-48e5a4d3ef68,b47a498f-2cc9-497d-b4ec-ac412897be79
c6a3b882-428b-47d0-ac46-55048bc0adb7,3f94af29-f719-48ee-b177-10d5c60017cb
827830c1-e9a4-49c7-ad9f-bc0acadd6964,684a9e1a-7770-4319-b417-944d0fd3904e
8fdf6fd4-9b88-461d-bcfc-66506ad2560e,ee7d7646-6203-4c0c-82bb-fdc8c883fd09
d1ec4ad6-7453-4bd4-bffe-fa4c29d1fb4e,c8730708-31e2-4d8d-931d-e22245d1c09d
31743932-73b6-446b-9c56-d9871dea61c7,3af636ab-b5a8-4ed1-90cb-c226327c9070
3ede4c1b-70d5-4f44-ae14-44af083c4d68,2fe56515-5563-47e1-9511-dbfcee8e80d5
99c9131c-1a98-4f7c-94e6-a0ffebe478f9,f745d287-dece-441a-b223-28a545ef6ffc
ceebf77d-d128-47e7-8e4b-f1f8ea0cc37f,a7fa5947-4b32-47a6-8ad9-2dcb9236252a
7ea42138-895d-46b2-b9c3-2ad17e2a3c88,d64ef7a7-f869-47fb-90f5-d3e67079e066
7c14413e-cf4b-4965-9394-2c516ab5a60d,b9dea1a8-9c87-4259-994d-6c9a3ed665b0
7aaed689-41ef-4da0-bff9-765450decf66,bc1be8bd-9d72-4a1a-a742-8334c4468923
e7d6c542-f9b1-45c3-b865-39244819df09,37d20cd4-0f18-4698-a9bd-34752cff1d80
b41d7940-a077-48b0-a1b9-2f4fd2eb1e55,33e58cd3-89f5-4037-851d-67276af67ff6
69dcd261-c167-4b88-bf1f-fc0f5ed26803,4cdf04d4-5bdf-4c5f-8733-39262e7a244e
b12de3bc-f8a8-4ee1-9ec2-a914dd9d0d1d,48614791-2ef3-4ab9-bd9f-998a06723aeb
41381b00-7b88-434a-809d-f0890e8d8cf9,547716a3-d4eb-4a3b-993a-6462e98123f0
0a0f1556-048a-4ae4-84ab-3b84ec90b435,4d6aec34-6c94-4110-ab35-ff1649d6956a
8a77148d-54de-4eac-b0f6-77f852ddde57,338531e0-85c6-4b9d-b4e9-c2da34993b38
089d58df-45df-4596-9f1d-c85a3a10b141,af8fed58-4529-481c-9cd4-8bf8bd3d55af
5c0002f2-ec1a-4b35-870a-3ca9595090b3,5a1b1591-3af8-4e2f-bfe6-81f16a683672
5c22dcee-6d31-47b0-a527-7323e54474ab,9c8b24d2-a572-4c60-9d04-d1cd553cfa40
d30a9f94-0a82-4540-8eeb-8d5e2076c4db,2c4fe128-c811-4c05-9e14-69a329b0c362
f3b2dc11-4e9c-42b0-a184-4dbfd6c4cf8e,73483460-48c6-4a0a-8c21-12a0f20e8138
c37fa02e-4347-40fa-be24-c9febf7a136b,e246b139-fe47-4ecf-af00-f4193b2b5b8a
6eab3cdc-917f-44f5-a545-f69a31527fe2,b0a4e172-fd48-4117-8d76-dff150fd9e28
075ebee1-f353-44e7-bff6-b8686a45bf0c,e246b139-fe47-4ecf-af00-f4193b2b5b8a
cae999a0-30a2-4b7b-9a4d-08b69ce3e4d1,33dee32a-358f-4a4d-aa5b-50cad94e8120
d4e7bd68-f1c9-49ed-9719-8bdae3e269f6,5bfc16c6-d464-4f07-a017-4f80ac6e26ae
81870002-8c79-4b10-b07c-c501228ba982,c56fd663-ca47-4ab0-a67a-61fa4bb96be6
0bcfdf41-53f8-4b9e-b961-10470d37b330,1c666be7-d818-4393-9804-dbe28a35f826
cb76cb92-eaa7-4e8e-ac30-78ef33b53a3f,a23bd48a-787b-42ce-9585-a1d5120ffac5
14b891c2-03af-4b19-bc23-fcca18754d3e,3d3c625e-1127-48a1-9c18-f057bb097f9a
edaac398-a0fe-4e5e-b249-cdb28a35560e,4ba3cb6d-3709-4aa0-bb7d-e9a07cc363dd
12742227-0110-438a-b9f9-6388c55a7d01,c730fc1e-460a-447d-bb0d-2470b769678a
711579ad-a186-49ca-9a9f-8fa99b574759,ea454129-37de-48e7-84e5-1812b2fa9575
3dec78de-c9b2-4811-9065-b7c83d221a9d,22ec7c5b-1ac7-4ddf-95e4-69d3f15fa04f
598b8493-f724-4708-ad82-afe39c2a3b93,204632eb-baed-45a2-bd43-02fdeade6d5e
225c48bb-fff6-4934-b84d-8e4d64d62b7f,576bba72-7a05-4a31-8976-6b1d62293f6b
bd37210c-9cad-4294-be28-f5a9d2e1a6dd,c337f3dc-a57b-4b3a-bb22-0eb3537f9d21
cb5ffde8-3bae-43d8-b62c-718930803fb7,7d68ebc0-0280-4bd8-9c70-b8b964f55e34
