id,username,email,pwd_hash,trust_level,creation_date,last_update_date
98188670-5d3c-4ec9-bc89-b0a401291be5,sheliasmith8151,danielreed@example.net,01cc769653d79ea663b321dc3f3ba3291e2f28e78b17f71fdf0a7e2882b21bbf,0,2003-08-17 05:41:50,2003-08-17 05:41:50
cd0b7076-24da-420f-b26a-02f40b40e363,pittsmaria6498,jaimeschwartz@example.com,957703e37b9e17f3eff93f23be21d1c45f22a4faabe17e8060b86fd54a01487a,0,1975-09-18 22:48:13,1975-09-18 22:48:13
f2701474-52f7-4b0f-9cd9-3c1603ce79b3,rreyes969,sara62@example.org,ac2365b7b3099701d111d11aae88bd6020c4a231cca58cc00a099f69feaea1a4,0,1987-07-13 08:47:50,1987-07-13 08:47:50
4802e4d8-855f-480a-ab65-2eeb8f224b54,christopher097599,ryan18@example.com,525ba0b3aa8f0f549f3f699547f63c3028341c1df6fa4f4b051ec6b1b5d6c81c,0,1991-06-13 23:54:49,1991-06-13 23:54:49
a09443b7-1aaa-42d0-9ddf-3190e7018fbd,joshuarandall7278,justinvasquez@example.org,88a6c22a0612c3ee8f5c9c7ba4a1d361cd22af598890efe58ec000dc9476807e,0,2018-03-20 08:19:47,2018-03-20 08:19:47
5be10f01-38c8-47e6-bb41-1882b1dc89fc,edwardsbrandy6223,josephholmes@example.com,e8c5b4629e744c7d0f50b19c805c5358ecf51f3bbe9b68f0bff313915373b0e5,0,2000-02-04 01:52:16,2000-02-04 01:52:16
3b062c7f-18a5-458e-a8a1-f7e64e9a4861,bmarshall5240,sharonkramer@example.net,c63e00d92b153638ff9c1f99364d08ff9b4e385b3c62b00d61e270ea9223adb4,0,1984-09-14 04:50:53,1984-09-14 04:50:53
ee69ad9f-f79b-4699-b0e0-230a45638452,maldonadodonald4713,reneefrey@example.org,d4ce27ab6606c93187a702c573fee687e6d59ad4672945dfb416b6522466538d,0,1974-09-29 15:07:21,1974-09-29 15:07:21
c72a2192-f40e-4004-81e4-eb993978a70b,kathryn08268,grojas@example.org,ad906990244ccb2981b7bfe35021c151aeeba0cf2dec3064c16cf78fd238dc82,0,1971-11-20 15:05:14,1971-11-20 15:05:14
5c646321-9d61-41a2-a3a6-0cf54c78a0d2,smithgregory4891,kellymallory@example.net,a90c214f2926cc66adae6da7446ea0a5655563ad117b467a6895f7efe4a7625d,0,1994-10-14 21:34:51,1994-10-14 21:34:51
744b5969-4069-4377-9bfd-764cd518ae44,duncandonald630,cookmark@example.com,ab71fab3605f4e2a755f9e59fc1c6fa283455b427c83f62a43a4eb87a0ddd974,0,2019-06-13 13:22:50,2019-06-13 13:22:50
127f1fae-3934-4997-a907-8244ed528053,xortiz2593,jennifer68@example.net,2fb42d6d26363de4b57f0d39274f03cb421fe04bd9e46f1f886e14f788bb4384,0,1976-02-11 22:58:52,1976-02-11 22:58:52
8ea34c3b-9e8a-46da-885b-8ba6e9b76443,leonardgarcia1862,racheldoyle@example.net,c340e0569ff5bbb6a4865734273def96a021ad9de4c606e2e6eb4bff7c1dcc7b,0,2003-07-20 14:28:01,2003-07-20 14:28:01
c355f59e-eed8-4550-891e-bdfa64586586,molinacarmen96,hwilson@example.net,7acc45b86f3422cfff15e01062e716af960b623068912ee5295771c121707d01,0,1993-04-20 19:06:28,1993-04-20 19:06:28
051de9f3-5ab2-4a00-ab14-b2df1e0ed7f8,wchavez4556,qpowell@example.net,c0b265a615b46dc66b4deda9a8dd9b817a8f20af121b1da37101097a029bf4b6,0,2024-04-07 07:00:28,2024-04-07 07:00:28
25a6d7b3-aeea-4206-b766-c76ef8971f06,lynn384151,kmarsh@example.net,4aedbdbdbbfad6a34ab574d6f63d9728703ceb4cce3febdb946fb7042baa8b95,0,2021-06-21 07:53:49,2021-06-21 07:53:49
2656de78-7df7-4961-b62e-3e4ba19a44ef,uholt7666,christineanthony@example.com,5bd0e47acb6e2ca773a262f366b8103f2f0db079839520e75dc577bff1a6b5b4,0,1996-09-16 01:42:24,1996-09-16 01:42:24
d65da6d8-010c-4d74-9b6e-f91ae4a1e11e,owenscarolyn6567,alexandra48@example.com,81b0a94e95c121182e27188167f4e5d51cb0a4d7c8bc8536bbd3afcd33119b79,0,1997-05-08 09:33:31,1997-05-08 09:33:31
5867c678-6792-40a0-a0cf-e99de75526bc,david696758,bmartin@example.net,401bc6eda0d929e6598a38df47927bca0d5ebdbd4fd99dbd958fc94471ee1339,0,1977-08-10 14:36:32,1977-08-10 14:36:32
655fcec0-c736-4c6b-9e99-0c990efb06c8,jenniferbowman6546,bakererika@example.org,aa372e0096f6b1a3ba1912d713ee46c1b0f0fac512926590c31ed14cbdebfbf0,0,2020-08-04 02:44:01,2020-08-04 02:44:01
0e502f05-0106-469a-a8ac-1dcbbdd8aa94,tiffany736049,elarson@example.com,7e536e01820d6de54250966f6560663c8b044c4fe0a5fb58ed526e02c51e7093,0,2022-11-23 11:13:33,2022-11-23 11:13:33
9494edfc-529b-47d9-a406-df3f2699b8fd,johngrimes275,ferrelljennifer@example.net,a49721a6f3a06f84cd38854d29c6f6374ffb46de58bbe6f772af2179c638b7d3,0,1996-01-14 12:05:05,1996-01-14 12:05:05
cc5599de-b2b4-4b8b-bc5c-dded69c3e24a,thomaskevin9523,smithjeremy@example.net,4d10e55e63fa6e298138469a8b894caaa75f13d4d294bea5ac946e09b7acc133,0,2009-12-09 06:50:33,2009-12-09 06:50:33
88f0fe19-4c6d-4be5-a418-bc5f07c57a43,medinacharlene4331,jason85@example.com,7fa13e27aa3dfde75a5d6e62f0a87d764430343a891ca9029c0d58956370bc21,0,1980-05-10 21:28:03,1980-05-10 21:28:03
a1e1f366-5115-4c6e-a53b-a585649d8c21,yharris7598,rfernandez@example.net,f0d495311a8d306a36ebb03370379c4adc76dd4f2f74b730577897981c507bee,0,2021-05-01 17:12:40,2021-05-01 17:12:40
5352e405-fd36-45d3-a484-a65f610393d1,adrian369278,howardsonya@example.net,4ccec57377d0d632005c723eb03ee3ce535fda00d3141b101ff0f0a7cb333c4a,0,2006-11-01 23:18:01,2006-11-01 23:18:01
5ecc3de9-f75d-4e9a-ace5-3f442c1723b9,dustinpeters7540,robert03@example.com,ab203f0fbd58137f86e682d84921f842510c922df6066082c238eb677810117d,0,1972-06-13 20:08:42,1972-06-13 20:08:42
94183a6c-612a-45e1-987b-c219dfc8f098,parkerchloe2141,brian86@example.net,e41459627f0f4b584db2daeff689370d0eae154c4339a7f3b2603893f00821c1,0,2020-12-25 05:20:47,2020-12-25 05:20:47
4cf43ca4-1478-4194-8982-4a8aa2102a1c,yguerrero1339,johnsontiffany@example.com,e266f3c32dd9801f27a7b12c3ab334d933a3bd544135d176c04d2decb05f7617,0,1980-11-08 05:30:20,1980-11-08 05:30:20
f5c9a554-67bb-4c25-9662-b2c2ee4f9baf,rachelfriedman2841,crosskatie@example.com,4786137096027cc6ab235b6c0bca2513205824bdc17270325cd6211ffcdac0c5,0,1982-09-01 11:24:23,1982-09-01 11:24:23
06da4b2a-ad8f-435f-adbb-648ab0225e19,jasminewalker4070,marcmiller@example.com,1f302a8ee1dadff8d23f726d35b6f877848957d09c4ea5bf722314310f7c1066,0,1977-09-21 01:57:00,1977-09-21 01:57:00
6277563e-f8f2-49ad-bd7f-60d6676b5fc8,quinnjulie7414,npitts@example.com,be5a67978edef3bdd1693a0382ea724187a4b4858b3ac253097f3b72d458cf8f,0,2014-09-09 08:22:47,2014-09-09 08:22:47
442bd2e5-7bbf-4a72-888c-525cabaa97e8,shawna987922,wardsteven@example.com,3be4c69b35434d32b65f79dd69ada6fd3e71c0cbeb220fb5df65d70ceb0b4f67,0,1987-10-27 01:46:07,1987-10-27 01:46:07
56bcbdd8-2f69-4754-a51d-6cca206329f9,ubrown3494,frank85@example.com,7186ede33121a072b66aadb2f8f0714e719ad0a0ab5ac8893adc5eaf65cf2f80,0,1979-03-02 08:24:04,1979-03-02 08:24:04
bf772706-9ddb-4534-9e7e-060733cae40e,wanda4594,patricia56@example.com,d91139cdb2dbed630aa0ba3eb6e5bfd4e974f57287abcb1633a95e7201da8b1c,0,1988-11-11 02:43:36,1988-11-11 02:43:36
ece42035-89de-494b-86ac-a126b474009e,michaelsmith9300,lucasmarcus@example.org,0d86dde1ca89969a0d6b68e3e5dc1497ea8a26b773656b90f0c10ebc65d01c2a,0,2022-11-29 09:40:19,2022-11-29 09:40:19
eb03c767-22ad-4ed5-9719-7bc89bea58d5,christina806494,jwarner@example.org,100f9973ef20770b749efee8524d1ca6a67dbc696cf9365138ba1d1e3e7be6ef,0,1974-10-06 18:29:49,1974-10-06 18:29:49
fb95841a-3ebd-4b94-baee-e9a39185ca17,mwatson9903,xreeves@example.net,24106dee7004abbadbbf2515af91bafb61058d63f6e51524749504cf9a05df43,0,2014-07-31 13:53:10,2014-07-31 13:53:10
9ab2ae34-d4c3-42fc-8ad1-aaf223213552,joshuagonzalez9710,briana91@example.net,c0b2243c654e4204382220bb707686f835b2b95029de90146f5219380be8cffb,0,2016-01-02 21:03:16,2016-01-02 21:03:16
2db09829-bbbf-4aa2-9e6c-f6359b8583ca,annettehenderson6191,lauren52@example.com,316f839ae45683ecb6ccff5e40cd147c2dd1b848f20dd7baa9702d7114e282c3,0,2003-11-22 21:02:33,2003-11-22 21:02:33
24482ff8-46ce-46c6-8f4d-c5dd8d06ee19,jclark7328,ndavis@example.org,45d199a6bca1a7b6aab548780675ad699fc427bdac2329222fe7e2f1455ef9a1,0,2014-04-28 01:22:07,2014-04-28 01:22:07
3d58860a-f3c7-4f97-b942-6be6e98fdccd,vkelly7401,jamespayne@example.net,5b8c106756c7b054c2d33939cebd64bbd0e03ee2de993fb22c52b5eebd94716a,0,1993-03-20 05:58:00,1993-03-20 05:58:00
227540fa-c07e-4253-9691-7e66346b0472,henryangela9401,timothypatel@example.net,62fc81c1a8f065328d7f94ef2d1b02abcb7d66d9d9685bc3f107376ecfd8357a,0,2002-11-26 04:12:08,2002-11-26 04:12:08
209ef647-cb64-4b48-97ea-72f626946a4f,gcowan22,wnichols@example.com,6fba28e6e56d6b4b3d48d1556ee55c94fb9efed84e33886e6866d59e81717f02,0,1991-01-18 11:23:35,1991-01-18 11:23:35
10d51c06-f04e-4e84-b480-2debe9cd5634,eprice539,roblestanya@example.net,55a8755c8a80013bda4ffd9afbc76e7b6dec8cb6e5a8d42f7e84652618bbde79,0,1971-05-12 14:52:53,1971-05-12 14:52:53
b6be7a60-ba72-4b23-a9dd-92c0edf6f918,annarobinson7082,stephaniepeterson@example.org,05b44bda45dc6ce04b0ab88fc616baecfd5ff1ee13dad97b0f006f725bb025d8,0,2020-06-20 16:49:39,2020-06-20 16:49:39
8160bd57-5265-4169-84bc-37eb019a8ce8,kayla055857,jerryroberts@example.org,2ed11ec509edd5b470bdd463c3082768b7ff72a1a81c6b345c2a0f4c7780e9b6,0,2011-09-15 06:22:48,2011-09-15 06:22:48
ab9abf14-6fb4-4798-9184-ddd606743842,erobbins3913,heather47@example.com,916b553787430b8a65fd7f51b00fee2785f1c945ffa6cc7c4edc51eb2f2578f6,0,2001-01-19 21:43:34,2001-01-19 21:43:34
a56ad902-d343-4958-8415-3c7e2b0d79dd,kingheather907,douglas30@example.org,f5adad3b4f8ada48707427204dfef3e49bfb7609e37496002889b4a2791db6d8,0,1984-04-05 11:25:11,1984-04-05 11:25:11
e5513aea-3ac1-47f6-a531-15468e2ef5ae,xmckay4097,harrisjames@example.net,f99aa8d7dd26a9c884b42989761fdc630661be7ce3aae29cc052c5070e257ea4,0,2011-07-21 17:07:19,2011-07-21 17:07:19
654bf61c-08e8-42cd-8c0d-a144a761f628,margaret691787,tadkins@example.org,08ce1e9460555a7e1719286639ab02ea1679496e47b9a40403f59aaec4a299b8,0,1977-01-21 10:13:18,1977-01-21 10:13:18
e5edd55c-c435-47ed-99c3-1f916b234a76,rkoch8948,audreyjones@example.net,632f8890385ebcd9c861875873ba567c2a1783548f76b9c7a88f9e14dd0c6a9b,0,1989-07-21 05:13:35,1989-07-21 05:13:35
6828857d-f462-42e4-80aa-5d86f9c4504e,johnsonautumn4025,amber03@example.net,4b10b2cd8d07e933f730e9ff0ee34d7ad287461d950f1d1b0754ce53092c91e7,0,1991-11-10 14:26:14,1991-11-10 14:26:14
3da010b2-90f6-44fa-9cb7-36ed4dc21d2f,sharris5306,annettepittman@example.org,992478c3f9fa3de48f891f70552cae6cb5ac9662fdcf8ee5a916261da7b03d43,0,1984-06-19 11:16:33,1984-06-19 11:16:33
f901e018-f051-48cd-b830-34c1a6f7a9fd,mejiarachel6619,smithmichael@example.org,b7b206eb7ddcea413d7f366a6b1a91af4fde527a294e45f5143615308f1fdc8a,0,1992-11-24 08:15:18,1992-11-24 08:15:18
3a7e84df-6a7d-4ea9-a582-05eda1cfddad,susan551900,morenojohn@example.net,06dcfffcf9c3865ddb5ca34d1da66fb777731093b2d2a733b13e7bd90e6dfdf2,0,2007-12-12 17:44:37,2007-12-12 17:44:37
d7d56edd-80ee-48a6-8230-80cbf8f8aab4,rgallegos988,sarahharvey@example.net,05915422856703b031880073c4fe04b18aa4fce73226034922c0fa0ced8c242b,0,2000-03-11 16:06:08,2000-03-11 16:06:08
4a3d8853-1be5-479c-bfef-7b8798e3957a,srodriguez9578,paulsmith@example.com,bd4d6a8f72d08d664c0e07f09f550fcce586eadda2694ddae66a49f942067442,0,2009-03-26 06:14:59,2009-03-26 06:14:59
cc628d6d-fab1-45f2-a390-8255c7c5b25c,emilycooper9948,eileenmartinez@example.com,f00c716b431f5c47b3c334711baaec41854ccf603a747e56f3a646cfaaa861ab,0,2011-03-09 13:39:33,2011-03-09 13:39:33
b6142e5b-10b1-457d-8a32-f8bd2629eb71,mendozaronald9861,rachel08@example.net,389ebbf130361d1e24f811a116348d08df17d4b054f48a5988be3152f8269225,0,1981-08-21 20:16:26,1981-08-21 20:16:26
951310e0-a4fc-4b05-b083-4d57b1f5a35b,olivia637932,brianrhodes@example.com,df41537ed28a5fd8db297c856724bfea280d004149a0f352ccb766ca2a3f384c,0,2023-11-21 12:17:35,2023-11-21 12:17:35
1b26f910-081b-4279-8a78-eaeb91afeedb,glenda225983,tara47@example.net,b22ed0664230b3ee56265b3618eb60603bb4cec277b99676a948f3443d2264d9,0,1997-12-20 10:53:35,1997-12-20 10:53:35
8c47b1f6-d025-442b-90a5-91a8dc4b9aae,tylerfisher2213,brittanyvargas@example.org,a16f823db7fbd0350d5aa7c41300439190204062d3e15ce71bff45790e1ffae2,0,1994-07-09 17:43:29,1994-07-09 17:43:29
ca161b93-e1c0-4cbd-9987-c99941032b0b,william124409,qpearson@example.com,50ec7390565df30b16792ed3b1d710560ce6f3e2fee348b5bb342584413dd3b2,0,2004-01-27 06:41:54,2004-01-27 06:41:54
c831e282-1c9a-430e-aceb-f56ad6caa410,donald687986,pduncan@example.com,bc83537b35cc0af5f2ac3119ef1d70f9c480bb808eb123655d6d91243c0dfdee,0,1993-07-29 11:25:41,1993-07-29 11:25:41
5e710f06-0861-4852-8ade-438c94ce58dd,shannonsimmons6020,larsonjacqueline@example.org,cf421495aca7149307e0d040165ba9b9b0fa190b897003cb14484e9e1cc87bdf,0,2020-07-28 06:04:20,2020-07-28 06:04:20
0fe102a1-a27a-476f-bbac-bd8a9481e3eb,cwilliams4401,rmiller@example.net,1733779fd3b44ad33a7c5af1d37bde2bb3bfc8e315750b9a6619dbe34a4ba911,0,1996-01-17 04:03:49,1996-01-17 04:03:49
99febddb-7726-4cbe-b8b8-56cbc0bbe0ce,qmiller9123,ronaldharrison@example.com,78226ae0e6253ef7378246ff8d4ccb6e9545cca5aa533acabfd9d46e2075d3b5,0,2022-09-24 19:09:57,2022-09-24 19:09:57
8680f4ae-b7f6-4d17-842c-ef6d8d7fba7c,jameswatts9194,derek72@example.org,d0788dfd864dfd6ce0fa9f1310d7e93734258f818fc0a786b8cb357ee7c8eb55,0,1981-12-17 12:32:44,1981-12-17 12:32:44
4945106c-2156-4608-8178-92d7e04b4812,petermckee7117,taylorisaiah@example.net,2ea3afe8187e8c2463431373fb61cad761bc93568c968cde14962ef3200cbca7,0,2024-05-15 06:14:28,2024-05-15 06:14:28
a78b5de4-05fd-42ba-a9b2-cb8c74d20431,wigginsbianca2936,ivangonzalez@example.com,cca090c33d07143b0000a90819a32bd799e047353cc56151a7a3681afcbb3a43,0,2018-07-09 00:51:11,2018-07-09 00:51:11
8e27557b-527d-4086-a7a9-187b05d7c33b,charlesfry7420,terry52@example.net,cb5a4477268db6918f96d43b84e1648ba6545f825ce4beaf63946783b199d5e9,0,1993-11-06 08:57:13,1993-11-06 08:57:13
dcf35b0e-3f1d-4ee8-9fb8-b9249b2ef5d3,santiagorebecca5373,william19@example.org,6870728e3c86e59836d10ca4f7bfee78ac48fc79a5127f875b7dc3cd259c895f,0,1993-12-31 11:40:30,1993-12-31 11:40:30
652e64f7-a0cc-46ce-a821-4a6ef5e7b787,john927420,fhorton@example.org,7548900616488e2fd3603d2231224e7c87c1cdbde30723806667fa946f8cdd7b,0,1981-07-31 17:20:13,1981-07-31 17:20:13
db61e24f-66e0-45e2-853e-eebc9b23a62d,fromero4006,iruiz@example.com,5d2ad79d3e9954994d7ace913e0e11046fa44488e08f40bb6460b6469310b697,0,2006-11-27 03:14:22,2006-11-27 03:14:22
37358a60-232a-4cb3-9738-b2e3950efd3a,ramseylaura1166,xlee@example.com,14064c2c9f00389581ae12e0f7e99015d9169fbbb8f8954dea4b0d5928cde9a9,0,2008-05-30 06:34:01,2008-05-30 06:34:01
9926c01c-93e5-48d8-9dff-59f59ba646c1,markadams8607,johntaylor@example.net,c2c802051005ec3df161445b9edcf74e9b305d3c317ea0cc54a428429506a1c8,0,2017-10-20 12:00:59,2017-10-20 12:00:59
e9317adf-c16f-4641-afbc-5194901befb8,lzamora5126,hayesalejandro@example.org,2c66fc2076b1fb421840e3de1a1f0a6caee099e748ee9a04dd9c530066551469,0,1980-07-30 04:21:46,1980-07-30 04:21:46
5c5953d5-f59c-4647-bd7b-ef868a83367c,moorebarbara2709,gbrown@example.com,d68a06793adb2f33a6c7c27ca6b1a5cc720d9ca632613ba212257159e2b23512,0,1976-08-05 19:49:38,1976-08-05 19:49:38
a9661310-b33d-42d7-a94c-bdb6d5eaa611,john306547,zacharyschwartz@example.org,24cd505d1991e154e72776a289b0d308c9b7373bdc8699689ef9eacbfeb13920,0,1974-09-12 10:54:04,1974-09-12 10:54:04
7583a694-3309-483c-bed7-9dbad68775cf,jamesdennis4558,catherine03@example.net,9583bc89cb1bba081574c87553aef73c1a20effd7a31e59d0487c6c609fe3857,0,1998-08-29 02:23:00,1998-08-29 02:23:00
91375917-6cd3-479d-b007-b0eb709a5e32,carrollkelly6262,richard32@example.net,5c27a972819c72b04e880c24d0ef972608fe41f6510667b530df188667a0c036,0,2021-01-22 05:27:07,2021-01-22 05:27:07
7cb2be4b-478e-403d-a015-37bc1acc37a4,hdonovan5535,stewartalexis@example.com,53447f036be3d5d759271af6a3a05d72ba78ac675e866dc960eddff121711517,0,1994-10-24 05:45:41,1994-10-24 05:45:41
55a77259-842f-4567-8837-9ce405e41aff,goldenjoshua9942,mlarson@example.com,2b7b17e5cd208dc666fd1b42230da499ec114c10f5a9027ac321512f23bc5d0a,0,1988-10-26 22:16:34,1988-10-26 22:16:34
97ce8d1a-03b6-4418-b4b8-6ac43e00cd82,jason135191,michaelharris@example.org,f92cb1d4b9909327da6eda8f7e6f12fcc819a0089bb9fabd18068ed584620c89,0,2018-03-20 01:14:33,2018-03-20 01:14:33
949176df-19fa-49b4-afbd-db48340f5d45,donnasalazar1402,brownkelly@example.net,567b700c1acc02a330e18afe8e69fb317bd467349ef1c54cffffa0aa018b591c,0,2012-10-14 22:32:06,2012-10-14 22:32:06
3386c1ca-f3fe-4892-b848-f81aea082a17,dowen2697,pmoon@example.net,1c87937ee9e8e2f2e91d850d0500f75474d678b68bcddf3af5e6c821725b1fa2,0,2015-08-07 17:17:29,2015-08-07 17:17:29
e037ec6f-c300-4bfb-b258-f20ed3af7913,yjones2223,qclark@example.net,ad87b64e070b713612438f1ffdafa9ef57adb7a24fb44bf1fa0bd665c5cf69df,0,2006-05-06 09:52:44,2006-05-06 09:52:44
a4d64afe-0cab-4272-8ae0-c5cedbe9c3b1,proctorchristopher3653,amcintosh@example.org,3b7110a655bd3706efb42c712fad21bf844889032b744d706659ca3583b774d7,0,1977-04-13 13:46:24,1977-04-13 13:46:24
8291b132-02e6-44a0-98be-8d5aa371be48,leesingh7823,derekstevens@example.com,045552c26c712676468be25622915e4171eeaafbe0f8f9ce1b6ec1c269862861,0,1974-02-17 20:17:01,1974-02-17 20:17:01
b648fb03-9215-4dbf-814e-7177b64be1b2,vickiewright1457,brittany79@example.org,60f419b70a577acd76e83d740f6feaf6c6a4233f4e1736bfe1fbbf28b037537c,0,1973-02-10 17:13:23,1973-02-10 17:13:23
5aa66867-7957-48f5-b2de-e1a0be876482,chrishoward1280,aaron54@example.net,e0c9c3466922c4b0f3493f3e47306fb60172728237eb571ee28241845908e938,0,2018-12-07 23:28:06,2018-12-07 23:28:06
2b835555-de6c-437e-855d-ed8f5efe588b,victoriaferguson2155,justin60@example.com,9994f77b28e3e4674dbe55510febe7bbe07086adb6e87a4ad7ed45c0187ef858,0,2021-08-18 04:39:54,2021-08-18 04:39:54
74251120-dc32-4686-825e-77c42b7e6121,vshannon5980,maryford@example.net,268f5a6164cf9e563a16f6894475a4de96e0c9fc9e9edb46c9f37ca113fae378,0,2005-11-05 00:50:02,2005-11-05 00:50:02
3e1dcc93-06a1-49f5-afa3-7cd05d57ccdb,briannagarner2365,pobrien@example.net,cca331c3a66028123bb5bbec6c8c2e388ccbf18faf1e459cb949cafb34796891,0,2023-01-28 16:54:36,2023-01-28 16:54:36
74155fd3-167a-44d0-b72e-5388a87bcd4e,melissafrancis7046,edward20@example.org,8a19cad21bbea97e9e9f37f2be82c81d2bdad8bd0c9a118bdb174e13bb7c0473,0,2003-08-02 04:59:41,2003-08-02 04:59:41
05abed32-afdf-4b03-98d5-2b1e1771bc1d,clinton978073,spenceanthony@example.com,297e5e6fb041471e7b31ddab9a070df405d0818c9a66eecdbc9508caa37838c5,0,2013-03-26 16:24:28,2013-03-26 16:24:28
957fb391-0e2c-43a6-bd14-de51bbc9429d,lisa831024,olivia57@example.com,b9be6b674cf6164075b8e00a5fa3bb7f0d6d59c946832bd3787f616a2d756b02,0,1988-12-26 23:38:07,1988-12-26 23:38:07
02afc752-f394-4a4c-a5cb-5de7bb7c5478,brownaudrey5691,mark85@example.org,544be4a54489aa515691219cac897a72e989fb2628fdd1e10cb5aef2c1d72ca3,0,1999-12-09 06:46:33,1999-12-09 06:46:33
7d97a978-7024-4081-ae5b-8745dafac598,justinleonard5573,mckenziechelsey@example.net,4bb21cd4e287c7b255a629296247a238e804c87cf909df795a08a534c2457f87,0,1993-07-25 05:14:43,1993-07-25 05:14:43
