type,name,request_count,median_response_time,average_response_time,min_response_time,max_response_time,average_content_size,rps,50%
GET,/d,2,2.383836999797495,68.17998399992575,2.383836999797495,133.976131000054,401.0,0.06531061053185883,130
GET,/d,4,4,25.08074125012172,3.095385000051465,88.334562,0.0,0.13062122106371765,5
GET,/d,2,111.65003599990087,142.01575300012337,111.65003599990087,172.38147000034587,114.0,0.06531061053185883,170
GET,/d,3,110.0,396.3758396665374,3.76865899988843,1071.1760849999337,176.0,0.09796591579778825,110
GET,/d,2,57.47143000007782,70.70703149997826,57.47143000007782,83.9426329998787,0.0,0.06531061053185883,84
GET,/d,3,7,59.482895333379325,1.0386170001766004,170.51934399978563,0.0,0.09796591579778825,7
GET,/d,2,73,125.86949399997138,72.51003100009257,179.2289569998502,0.0,0.06531061053185883,180
GET,/d,2,152.8834050000114,312.80050300006224,152.8834050000114,472.71760100011306,480.0,0.06531061053185883,470
GET,/d,2,4,10.173285500059137,3.6766079997505585,16.669963000367716,0.0,0.06531061053185883,17
GET,/d,5,76,177.0640480000111,6.692793000183883,562.2660059998452,0.0,0.16327652632964706,76
GET,/d,6,80,400.22869350006357,22.731038000074477,1776.798326000062,121.0,0.1959318315955765,95
GET,/d,2,97,145.9502169998359,96.65180399997553,195.24862999969628,182.0,0.06531061053185883,200
GET,/d,5,80,68.1980731999829,31.442676999631658,112.05728300001283,210.0,0.16327652632964706,80
GET,/d,1,95.5316810000113,95.5316810000113,95.5316810000113,95.5316810000113,173.0,0.03265530526592941,96
GET,/d,5,6,88.7666866001382,3.5185570000066946,369.2104820001987,483.0,0.16327652632964706,6
GET,/d,2,3,3.651569999874482,2.988526999615715,4.314613000133249,354.0,0.06531061053185883,4
GET,/d,4,4,39.9517029998151,3.853027999866754,97.88206299981539,246.0,0.13062122106371765,54
GET,/d,1,244.78373800002373,244.78373800002373,244.78373800002373,244.78373800002373,173.0,0.03265530526592941,240
GET,/d,3,48,79.35058733346523,2.0204510001349263,188.4294240003328,0.0,0.09796591579778825,48
GET,/d,2,4.224935000365804,40.503592500272134,4.224935000365804,76.78225000017846,215.0,0.06531061053185883,77
GET,/d,3,130.0,93.38216033347635,3.432232000250224,150.35674099999596,0.0,0.09796591579778825,130
GET,/d,2,2,15.143328000021938,1.944045000072947,28.34261099997093,0.0,0.06531061053185883,28
GET,/d,3,84,59.64567533343749,1.714405000257102,93.09078400019644,467.0,0.09796591579778825,84
GET,/d,2,2.072972999940248,52.61145750000651,2.072972999940248,103.14994200007277,213.0,0.06531061053185883,100
GET,/d,2,93,125.35936900007982,92.82985500021823,157.88888299994142,0.0,0.06531061053185883,160
GET,/d,1,1.5965120001055766,1.5965120001055766,1.5965120001055766,1.5965120001055766,0.0,0.03265530526592941,2
GET,/d,2,98,228.36157300002924,97.78421800001524,358.93892800004323,735.0,0.06531061053185883,360
GET,/d,5,5,75.68759160003538,2.6514710002629727,207.44313199975295,0.0,0.16327652632964706,5
GET,/d,4,43,153.8248202499517,2.4689050001143187,381.87194900001487,159.0,0.13062122106371765,190
GET,/d,1,100.79467600007774,100.79467600007774,100.79467600007774,100.79467600007774,210.0,0.03265530526592941,100
GET,/d,2,92.2300490001362,214.57593099989936,92.2300490001362,336.9218129996625,272.0,0.06531061053185883,340
GET,/d,4,3,62.178798999980245,2.497750000202359,185.54425999991508,191.0,0.13062122106371765,58
GET,/d,3,380.0,281.4871723332241,80.14819899972281,382.294980000097,220.0,0.09796591579778825,380
GET,/d,2,2,160.8738594998158,1.8248249998578103,319.9228939997738,209.0,0.06531061053185883,320
GET,/d,2,2,14.99659000023712,1.6869570004018897,28.30622300007235,219.0,0.06531061053185883,28
GET,/d,4,61,69.48370174984575,3.0261019996942196,118.80008099979023,214.0,0.13062122106371765,95
GET,/d,4,7,21.55907650012523,2.1599950000563695,70.02729800024099,428.0,0.13062122106371765,7
GET,/d,4,3,140.01059599991095,1.9769399996221182,519.827377999718,446.0,0.13062122106371765,35
GET,/d,3,1.280897000015102,2.539072666574308,1.280897000015102,4.875510999681865,237.0,0.09796591579778825,1
GET,/d,2,2,177.76986550006768,1.9023489999199228,353.63738200021544,421.0,0.06531061053185883,350
GET,/d,3,15,49.668527333475744,4.2893290001302375,129.38801900008912,254.0,0.09796591579778825,15
GET,/d,1,69.59874900030627,69.59874900030627,69.59874900030627,69.59874900030627,208.0,0.03265530526592941,70
GET,/d,3,81,60.564046333486964,2.4902070003918197,97.72708699983923,0.0,0.09796591579778825,81
GET,/d,1,132.06498399995326,132.06498399995326,132.06498399995326,132.06498399995326,220.0,0.03265530526592941,130
GET,/d,1,2.6357570000072883,2.6357570000072883,2.6357570000072883,2.6357570000072883,398.0,0.03265530526592941,3
GET,/d,3,33,467.41228266652496,4.667102999974304,1364.6159729996725,1300.0,0.09796591579778825,33
GET,/d,1,62.46993500008102,62.46993500008102,62.46993500008102,62.46993500008102,0.0,0.03265530526592941,62
GET,/d,3,10,9.106244000122388,2.980566000132967,14.064866999888181,0.0,0.09796591579778825,10
GET,/d,3,73,164.7720019999118,19.742649999898276,401.192748000085,173.0,0.09796591579778825,73
GET,/d,3,90,98.75131399985548,82.5835829996322,124.02808100023321,0.0,0.09796591579778825,90
GET,/d,4,53,64.18023625008118,1.4571080000678194,102.42310600006022,185.0,0.13062122106371765,100
GET,/d,2,3,29.74915449999571,2.868889000183117,56.629419999808306,0.0,0.06531061053185883,57
GET,/d,3,57,64.5331983334169,40.841277000254195,95.37377000015113,0.0,0.09796591579778825,57
GET,/d,4,3,41.07165099981103,1.573534999806725,152.92007199968793,0.0,0.13062122106371765,7
GET,/d,3,6,152.9119020001417,2.310015000148269,450.7633420003003,420.0,0.09796591579778825,6
GET,/d,1,91.48853799979406,91.48853799979406,91.48853799979406,91.48853799979406,0.0,0.03265530526592941,91
GET,/d,1,189.1267199998765,189.1267199998765,189.1267199998765,189.1267199998765,0.0,0.03265530526592941,190
GET,/d,2,110.0,142.64554999999746,108.0406139999468,177.2504860000481,458.0,0.06531061053185883,180
GET,/d,4,120.0,150.02179599991905,22.603925000112213,313.69412999993074,349.0,0.13062122106371765,150
GET,/d,3,2,36.195287666638855,1.563617000101658,105.10522999993555,382.0,0.09796591579778825,2
GET,/d,1,3.3899780000865576,3.3899780000865576,3.3899780000865576,3.3899780000865576,0.0,0.03265530526592941,3
GET,/d,4,86,223.65582650013494,6.948832000034599,588.1114960002378,181.0,0.13062122106371765,210
GET,/d,3,110.0,76.33814833343422,3.6516049999590905,117.96071800017671,217.0,0.09796591579778825,110
GET,/d,4,2.0943439999427937,19.884620250081753,2.0943439999427937,71.58413700017263,231.0,0.13062122106371765,4
GET,/d,5,110.0,109.08583740001632,16.933337000409665,214.12489499971343,0.0,0.16327652632964706,110
GET,/d,4,3,30.660711000109586,2.386073000252509,96.6244250003001,415.0,0.13062122106371765,21
GET,/d,6,75,193.5606374999376,3.4628230000635085,651.8924349998088,344.0,0.1959318315955765,100
GET,/d,1,1.8948060001093836,1.8948060001093836,1.8948060001093836,1.8948060001093836,474.0,0.03265530526592941,2
GET,/d,1,140.5476740001177,140.5476740001177,140.5476740001177,140.5476740001177,501.0,0.03265530526592941,140
GET,/d,6,3,113.83705866652842,1.5881309996075288,494.25077900014,458.0,0.1959318315955765,85
GET,/d,3,39,33.77462133357767,4.426778000379272,58.27363200023683,0.0,0.09796591579778825,39
GET,/d,3,310.0,221.83983933337004,29.72666300001947,329.5265440001458,159.0,0.09796591579778825,310
GET,/d,3,32,28.22346166688779,3.037906000372459,50.03328800012241,254.0,0.09796591579778825,32
GET,/d,1,2.68855700005588,2.68855700005588,2.68855700005588,2.68855700005588,465.0,0.03265530526592941,3
GET,/d,4,2.202948000103788,42.073283499917125,2.202948000103788,158.91813899997942,418.0,0.13062122106371765,5
GET,/d,1,82.22243000000162,82.22243000000162,82.22243000000162,82.22243000000162,162.0,0.03265530526592941,82
GET,/d,4,53,62.62112250021801,12.74416000023848,100.41221900019082,0.0,0.13062122106371765,84
GET,/d,1,29.059884999696806,29.059884999696806,29.059884999696806,29.059884999696806,0.0,0.03265530526592941,29
GET,/d,2,2.1333150002647017,66.58825349995823,2.1333150002647017,131.04319199965175,351.0,0.06531061053185883,130
GET,/d,5,89,64.43187179975212,2.1601349999400554,127.78822599966588,255.0,0.16327652632964706,89
GET,/d,1,1.590017000125954,1.590017000125954,1.590017000125954,1.590017000125954,386.0,0.03265530526592941,2
GET,/d,3,300.0,256.1976693332326,106.64126599976953,364.09289799985345,475.0,0.09796591579778825,300
GET,/d,2,3.268522999860579,3.9603054997314757,3.268522999860579,4.652087999602372,0.0,0.06531061053185883,5
GET,/d,1,4.748957999709091,4.748957999709091,4.748957999709091,4.748957999709091,0.0,0.03265530526592941,5
GET,/d,2,4,96.56820300006075,3.6722780000673083,189.4641280000542,0.0,0.06531061053185883,190
GET,/d,1,87.74349199984499,87.74349199984499,87.74349199984499,87.74349199984499,0.0,0.03265530526592941,88
GET,/d,2,13,58.52558499987026,12.598539999999048,104.45262999974148,0.0,0.06531061053185883,100
GET,/d,3,3,2.7971846666332567,1.3609359998554282,3.956044999995356,477.0,0.09796591579778825,3
GET,/d,2,36.480428999766445,74.37400300000263,36.480428999766445,112.26757700023882,128.0,0.06531061053185883,110
GET,/d,2,30,51.65029800014054,29.828493999957573,73.4721020003235,0.0,0.06531061053185883,73
GET,/d,3,70,73.25147233329214,42.50162500011356,107.40023699963785,0.0,0.09796591579778825,70
GET,/d,2,26.233671000227332,200.1538890001484,26.233671000227332,374.0741070000695,176.0,0.06531061053185883,370
GET,/d,2,71.46540899975662,119.7763655000017,71.46540899975662,168.0873220002468,505.0,0.06531061053185883,170
GET,/d,3,2,2.5166769999790026,1.8013579997386842,3.3578510001461837,312.0,0.09796591579778825,2
GET,/d,1,173.20511000025363,173.20511000025363,173.20511000025363,173.20511000025363,0.0,0.03265530526592941,170
GET,/d,2,29.046406999896135,167.40158149991657,29.046406999896135,305.756755999937,176.0,0.06531061053185883,310
GET,/d,3,3,58.87294500007556,1.3859390001016436,172.08820200039554,255.0,0.09796591579778825,3
GET,/d,1,295.35948300008386,295.35948300008386,295.35948300008386,295.35948300008386,0.0,0.03265530526592941,300
GET,/d,4,29,183.04146125001353,2.885372000037023,429.8572500001683,0.0,0.13062122106371765,270
GET,/d,2,3.4993499998563493,4.921955999861893,3.4993499998563493,6.344561999867437,230.0,0.06531061053185883,6
GET,/d,3,41,123.2560086665823,35.272445999908086,293.0241210001441,433.0,0.09796591579778825,41
GET,/d,1,1.6663540000081412,1.6663540000081412,1.6663540000081412,1.6663540000081412,428.0,0.03265530526592941,2
GET,/d,5,93,142.16772739991939,8.816609999939828,435.06389499998477,0.0,0.16327652632964706,93
GET,/d,1,117.63364900025408,117.63364900025408,117.63364900025408,117.63364900025408,217.0,0.03265530526592941,120
GET,/d,6,130.0,118.38716499998252,1.5184990002126142,214.5454809997318,138.0,0.1959318315955765,170
GET,/d,3,39,67.20284999998209,1.0882739998123725,161.47281499979727,700.0,0.09796591579778825,39
GET,/d,2,3,186.35117600024387,2.9360070002439898,369.76634500024375,0.0,0.06531061053185883,370
GET,/d,2,4,72.83965100009482,3.6666209998656996,142.01268100032394,702.0,0.06531061053185883,140
GET,/d,3,3,34.28013433343343,2.44278399986797,97.4762800001372,218.0,0.09796591579778825,3
GET,/d,2,43,115.30516349989739,42.927099999815255,187.68322699997952,788.0,0.06531061053185883,190
GET,/d,1,314.69006799989074,314.69006799989074,314.69006799989074,314.69006799989074,0.0,0.03265530526592941,310
GET,/d,1,94.74909800019304,94.74909800019304,94.74909800019304,94.74909800019304,0.0,0.03265530526592941,95
GET,/d,1,210.37012999977378,210.37012999977378,210.37012999977378,210.37012999977378,660.0,0.03265530526592941,210
GET,/d,3,110.0,90.15302799995577,39.148942999872816,124.8370530001921,464.0,0.09796591579778825,110
GET,/d,4,49,321.5249570000651,39.11346299992147,1082.8691970000364,217.0,0.13062122106371765,120
GET,/d,6,3,36.313392000010936,1.5011080004114774,94.12891200008744,0.0,0.1959318315955765,54
GET,/d,3,2,2.892122999886245,1.523178999832453,4.738552000162599,0.0,0.09796591579778825,2
GET,/d,4,3,137.86846475011316,1.0960960003103537,339.8912739999105,407.0,0.13062122106371765,210
GET,/d,2,49,159.93389250024848,48.90443500016772,270.9633500003292,0.0,0.06531061053185883,270
GET,/d,4,58,86.79006275008305,5.755237000357738,165.45749799979603,222.0,0.13062122106371765,120
GET,/d,3,3,31.175275666555535,1.8975299999510753,89.00434299994231,192.0,0.09796591579778825,3
GET,/d,4,5,198.9772887500294,1.3522059998649638,784.3097009999838,0.0,0.13062122106371765,5
GET,/d,5,26,51.850260799983516,2.583725000022241,123.89266299987867,404.0,0.16327652632964706,26
GET,/d,3,67,57.687800333193685,3.198470999905112,102.95005799980572,226.0,0.09796591579778825,67
GET,/d,2,5.199228000037692,159.34153199987122,5.199228000037692,313.48383599970475,473.0,0.06531061053185883,310
GET,/d,1,13.873501000034594,13.873501000034594,13.873501000034594,13.873501000034594,381.0,0.03265530526592941,14
GET,/d,1,902.325111999744,902.325111999744,902.325111999744,902.325111999744,239.0,0.03265530526592941,900
GET,/d,4,3,29.298830749894478,1.9287489999442187,89.58877399982157,222.0,0.13062122106371765,23
GET,/d,1,186.77221600000848,186.77221600000848,186.77221600000848,186.77221600000848,191.0,0.03265530526592941,190
GET,/d,2,2.063753000129509,169.4337664998784,2.063753000129509,336.8037799996273,0.0,0.06531061053185883,340
GET,/d,1,242.32907699979478,242.32907699979478,242.32907699979478,242.32907699979478,210.0,0.03265530526592941,240
GET,/d,2,2,1.8899520002833015,1.626893000320706,2.153011000245897,226.0,0.06531061053185883,2
GET,/d,1,5.9321469998394605,5.9321469998394605,5.9321469998394605,5.9321469998394605,182.0,0.03265530526592941,6
GET,/d,1,40.112197999860655,40.112197999860655,40.112197999860655,40.112197999860655,501.0,0.03265530526592941,40
GET,/d,4,3,42.78523549999136,2.2970939999140683,162.20685799999046,0.0,0.13062122106371765,3
GET,/d,3,76,89.22925766667807,1.1688009999488713,190.7812740000736,197.0,0.09796591579778825,76
GET,/d,3,89,91.84578466677824,86.94855100020504,100.01223900007972,0.0,0.09796591579778825,89
GET,/d,2,2,11.746680999976888,1.745974000186834,21.747387999766943,617.0,0.06531061053185883,22
GET,/d,4,3,122.40602800000033,2.6087280002684565,480.7736989996556,491.0,0.13062122106371765,3
GET,/d,2,3,19.5330900000954,2.6613190002535703,36.40486099993723,409.0,0.06531061053185883,36
GET,/d,3,290.0,462.5016639999255,2.0405650002430775,1093.231055999695,175.0,0.09796591579778825,290
GET,/d,4,49,113.2869484999901,1.8734340001174132,203.9869479999652,226.0,0.13062122106371765,200
GET,/d,1,111.30683400006092,111.30683400006092,111.30683400006092,111.30683400006092,357.0,0.03265530526592941,110
GET,/d,3,220.0,189.1699760000544,2.2910180000508262,345.1082410001618,568.0,0.09796591579778825,220
GET,/d,2,2,161.4160759997958,1.8157449999307573,321.01640699966083,0.0,0.06531061053185883,320
GET,/d,1,2.08100400004696,2.08100400004696,2.08100400004696,2.08100400004696,220.0,0.03265530526592941,2
GET,/d,1,151.4191739997841,151.4191739997841,151.4191739997841,151.4191739997841,0.0,0.03265530526592941,150
GET,/d,5,42,102.1923763999439,2.175918999910209,352.1692399999665,0.0,0.16327652632964706,42
GET,/d,1,114.56062000024758,114.56062000024758,114.56062000024758,114.56062000024758,711.0,0.03265530526592941,110
GET,/d,5,36,105.66452840002967,1.0912769998867589,377.69094400027825,0.0,0.16327652632964706,36
GET,/d,4,120.0,254.31348375002472,2.827122999860876,510.0879500000701,227.0,0.13062122106371765,380
GET,/d,1,19.767024999964633,19.767024999964633,19.767024999964633,19.767024999964633,462.0,0.03265530526592941,20
GET,/d,3,46,36.16989033313681,3.3744729998943512,59.62919099965802,172.0,0.09796591579778825,46
GET,/d,4,3,49.715402499941774,2.3873300001469033,119.31265199973495,0.0,0.13062122106371765,74
GET,/d,1,77.22155400006159,77.22155400006159,77.22155400006159,77.22155400006159,238.0,0.03265530526592941,77
GET,/d,4,82,87.99327849999372,8.050028000070597,172.55104600008053,0.0,0.13062122106371765,89
GET,/d,5,92,74.0911068000969,2.6881390003836714,158.40487300010864,169.0,0.16327652632964706,92
GET,/d,1,2.30750100035948,2.30750100035948,2.30750100035948,2.30750100035948,210.0,0.03265530526592941,2
GET,/d,4,4,54.922974749956666,3.269920000093407,111.92004199983785,1258.0,0.13062122106371765,100
GET,/d,3,29,75.52202466680076,1.1790680000558496,196.5719849999914,0.0,0.09796591579778825,29
GET,/d,5,6,24.41613620003409,1.5527209998253966,82.53985800001828,230.0,0.16327652632964706,6
GET,/d,4,45,134.3547445000013,2.7734850000342703,398.1193009999515,0.0,0.13062122106371765,91
GET,/d,3,2,13.499148999926547,1.6725000000405998,37.13449799988666,746.0,0.09796591579778825,2
GET,/d,2,3,53.678013000308056,2.7358400002412964,104.62018600037482,0.0,0.06531061053185883,100
GET,/d,3,56,155.2813053334224,24.514446000011958,385.69969499985746,221.0,0.09796591579778825,56
GET,/d,3,77,162.56346833309485,57.43525299976682,352.8603229997316,0.0,0.09796591579778825,77
GET,/d,3,100.0,84.88891800000904,51.423068000076455,103.1711800001176,0.0,0.09796591579778825,100
GET,/d,2,4,11.962561000018468,3.9540190000479924,19.971102999988943,178.0,0.06531061053185883,20
GET,/d,2,2.386840999861306,19.087394999814933,2.386840999861306,35.78794899976856,236.0,0.06531061053185883,36
GET,/d,1,56.51494799985812,56.51494799985812,56.51494799985812,56.51494799985812,237.0,0.03265530526592941,57
GET,/d,2,19.296501000098942,196.47336950015415,19.296501000098942,373.65023800020936,225.0,0.06531061053185883,370
GET,/d,3,2,3.706453999863394,1.5198249998320534,7.372214000042732,434.0,0.09796591579778825,2
GET,/d,5,64,84.08971879998717,2.1952659999442403,249.99280700012605,220.0,0.16327652632964706,64
GET,/d,3,3,38.96909966685295,2.09057300025961,111.58626600035859,0.0,0.09796591579778825,3
GET,/d,3,3,6.064916000013909,1.9221840002501267,13.130664000073011,0.0,0.09796591579778825,3
GET,/d,4,2,54.2248017500242,1.4328030001706793,174.50101799977347,453.0,0.13062122106371765,39
GET,/d,5,61,112.35973940010808,1.80247500020414,339.64102899972204,0.0,0.16327652632964706,61
GET,/d,4,3,59.36283325002023,2.382789999956003,173.23458700002448,0.0,0.13062122106371765,58
GET,/d,4,97,129.84120075009287,56.88762500039957,204.8567480001111,219.0,0.13062122106371765,160
GET,/d,2,71,83.0586120002863,70.5155610003203,95.6016630002523,0.0,0.06531061053185883,96
GET,/d,2,1.0726989999056968,30.6435124998643,1.0726989999056968,60.214325999822904,174.0,0.06531061053185883,60
GET,/d,2,33,69.62413599990214,32.50433899984273,106.74393299996154,255.0,0.06531061053185883,110
GET,/d,3,140.0,133.24239399995955,66.17566300019462,195.5634769997232,164.0,0.09796591579778825,140
GET,/d,2,110.0,111.03584450006565,108.37570900002902,113.69598000010228,628.0,0.06531061053185883,110
GET,/d,2,5.47412500009159,32.48146750024716,5.47412500009159,59.48881000040274,0.0,0.06531061053185883,59
GET,/d,5,68,52.87879180004893,3.680379999877914,97.72987800033661,669.0,0.16327652632964706,68
GET,/d,2,73.34770899979048,302.7314149999256,73.34770899979048,532.1151210000608,0.0,0.06531061053185883,530
GET,/d,1,51.72527199965771,51.72527199965771,51.72527199965771,51.72527199965771,250.0,0.03265530526592941,52
GET,/d,4,3,123.23850799998581,2.457032000165782,298.26532299966857,0.0,0.13062122106371765,190
GET,/d,1,4.81621599965365,4.81621599965365,4.81621599965365,4.81621599965365,0.0,0.03265530526592941,5
GET,/d,1,220.5265870002222,220.5265870002222,220.5265870002222,220.5265870002222,0.0,0.03265530526592941,220
GET,/d,1,27.92977700028132,27.92977700028132,27.92977700028132,27.92977700028132,0.0,0.03265530526592941,28
GET,/d,3,100.0,108.5904553333421,33.08612199998606,191.29907900014587,0.0,0.09796591579778825,100
GET,/d,3,13,17.85620133341581,8.808159000182059,32.16281400000298,389.0,0.09796591579778825,13
GET,/d,1,120.79440999968938,120.79440999968938,120.79440999968938,120.79440999968938,207.0,0.03265530526592941,120
GET,/d,2,2,39.95128450014818,1.9588509999266535,77.9437180003697,148.0,0.06531061053185883,78
GET,/d,4,98,95.09487474997513,2.7630079998743895,147.83950599985474,0.0,0.13062122106371765,130
GET,/d,1,1.4297299999270763,1.4297299999270763,1.4297299999270763,1.4297299999270763,208.0,0.03265530526592941,1
GET,/d,1,100.18893799997386,100.18893799997386,100.18893799997386,100.18893799997386,502.0,0.03265530526592941,100
GET,/d,1,64.93534700030068,64.93534700030068,64.93534700030068,64.93534700030068,0.0,0.03265530526592941,65
GET,/d,3,34,44.515231999866955,2.2757229999115225,97.5292250000166,109.0,0.09796591579778825,34
GET,/d,1,312.46644600014406,312.46644600014406,312.46644600014406,312.46644600014406,460.0,0.03265530526592941,310
GET,/d,4,39,108.05199699996137,6.792457999836188,271.4400179997938,416.0,0.13062122106371765,110
GET,/d,2,3,5.166471999928035,2.909396999712044,7.423547000144026,0.0,0.06531061053185883,7
GET,/d,8,6,46.739812749990506,3.1322619997808943,121.45036499987327,445.0,0.2612424421274353,64
GET,/d,2,2,83.11640550004995,1.5613119999215996,164.6714990001783,778.0,0.06531061053185883,160
GET,/d,3,58,59.309570333274074,1.8549259998508205,118.34324299979926,0.0,0.09796591579778825,58
GET,/d,3,280.0,287.26564166678753,90.67795600003592,492.369730000064,166.0,0.09796591579778825,280
GET,/d,2,3.365532999850984,98.75672849989314,3.365532999850984,194.1479239999353,235.0,0.06531061053185883,190
GET,/d,3,110.0,99.48167466654922,26.202171999557322,166.39023800007635,0.0,0.09796591579778825,110
GET,/d,3,160.0,151.57659766661405,2.175918999910209,288.31615899980534,0.0,0.09796591579778825,160
GET,/d,5,95,58.78108960005193,1.1722230001396383,98.87242200011315,0.0,0.16327652632964706,95
GET,/d,2,1.274612000088382,11.739696500171704,1.274612000088382,22.204781000255025,230.0,0.06531061053185883,22
GET,/d,2,19,61.65386549992036,18.57845799986535,104.72927299997536,0.0,0.06531061053185883,100
GET,/d,3,3,164.95054200004233,2.5189120001414267,489.0765529999044,209.0,0.09796591579778825,3
GET,/d,1,40.11541199997737,40.11541199997737,40.11541199997737,40.11541199997737,149.0,0.03265530526592941,40
GET,/d,2,8.325623000018822,194.28680600003645,8.325623000018822,380.2479890000541,0.0,0.06531061053185883,380
GET,/d,3,240.0,211.79364500009493,98.45476600003167,294.99847000033697,235.0,0.09796591579778825,240
GET,/d,2,2.3986440000953735,43.02020049999555,2.3986440000953735,83.64175699989573,420.0,0.06531061053185883,84
GET,/d,2,3.365533999840409,8.475083999883282,3.365533999840409,13.584633999926155,0.0,0.06531061053185883,14
GET,/d,4,28,59.91707950011005,1.2142680002398265,163.46540600034132,0.0,0.13062122106371765,47
GET,/d,5,140.0,153.474279799957,63.116528000136896,341.3197449999643,425.0,0.16327652632964706,140
GET,/d,3,2,40.59257133349092,1.9673020001391706,117.78493200017692,0.0,0.09796591579778825,2
GET,/d,2,3,137.56823099993198,2.8728689999297785,272.2635929999342,0.0,0.06531061053185883,270
GET,/d,2,95,101.29037749993586,94.59691999973074,107.98383500014097,253.0,0.06531061053185883,110
GET,/d,3,110.0,113.48633700011608,108.41238300008627,118.12792699993224,0.0,0.09796591579778825,110
GET,/d,2,5.4229309998845565,79.15830199976881,5.4229309998845565,152.89367299965306,0.0,0.06531061053185883,150
GET,/d,2,1.2914439998894522,14.587632500024483,1.2914439998894522,27.883821000159514,601.0,0.06531061053185883,28
GET,/d,1,4.055570000218722,4.055570000218722,4.055570000218722,4.055570000218722,237.0,0.03265530526592941,4
GET,/d,4,79,143.22160425012953,42.939951000334986,360.46944000008807,0.0,0.13062122106371765,90
GET,/d,2,51.1293139998088,96.08472399986567,51.1293139998088,141.04013399992255,254.0,0.06531061053185883,140
GET,/d,3,100.0,139.23534733339693,34.215183000014804,279.357753000113,447.0,0.09796591579778825,100
GET,/d,1,3.7570660001620126,3.7570660001620126,3.7570660001620126,3.7570660001620126,510.0,0.03265530526592941,4
GET,/d,1,1.718874000289361,1.718874000289361,1.718874000289361,1.718874000289361,237.0,0.03265530526592941,2
GET,/d,3,7,87.62522333336165,3.585674000078143,252.4272780001411,765.0,0.09796591579778825,7
GET,/d,2,3,391.3554069999918,2.6822719996744127,780.0285420003092,0.0,0.06531061053185883,780
GET,/d,4,45,129.19181699976434,1.9820379998236604,368.785215999651,204.0,0.13062122106371765,100
GET,/d,1,83.37775500012867,83.37775500012867,83.37775500012867,83.37775500012867,181.0,0.03265530526592941,83
GET,/d,1,1.0179429996242106,1.0179429996242106,1.0179429996242106,1.0179429996242106,0.0,0.03265530526592941,1
GET,/d,1,65.6934070002535,65.6934070002535,65.6934070002535,65.6934070002535,386.0,0.03265530526592941,66
GET,/d,4,210.0,185.29188575007538,2.5688480000098934,283.59164499988765,498.0,0.13062122106371765,240
GET,/d,5,4,66.24102540017702,1.2558240000544174,312.03559799996583,307.0,0.16327652632964706,4
GET,/d,4,9,59.104610999952456,1.9168059998264653,135.1341079998747,192.0,0.13062122106371765,91
GET,/d,3,2,7.292990000072071,1.5794710002410284,18.1300750000446,0.0,0.09796591579778825,2
GET,/d,6,2,23.388923499927234,1.624308999907953,68.86205599994355,0.0,0.1959318315955765,4
GET,/d,3,7,37.674258000151895,2.326428000287706,104.07367400011935,190.0,0.09796591579778825,7
GET,/d,5,74,95.63567619998139,2.3232850003296335,256.1661249997087,385.0,0.16327652632964706,74
GET,/d,3,110.0,135.99802733324395,8.545694000076764,288.76279699989027,218.0,0.09796591579778825,110
GET,/d,2,3.083233000324981,170.35864550007318,3.083233000324981,337.6340579998214,0.0,0.06531061053185883,340
GET,/d,1,2.8049130000908917,2.8049130000908917,2.8049130000908917,2.8049130000908917,0.0,0.03265530526592941,3
GET,/d,1,46.319312999912654,46.319312999912654,46.319312999912654,46.319312999912654,0.0,0.03265530526592941,46
GET,/d,1,34.14848400007031,34.14848400007031,34.14848400007031,34.14848400007031,0.0,0.03265530526592941,34
GET,/d,1,63.24929399988832,63.24929399988832,63.24929399988832,63.24929399988832,151.0,0.03265530526592941,63
GET,/d,4,4,24.07383274987751,2.198407999912888,86.44059400012338,179.0,0.13062122106371765,4
GET,/d,1,114.07396300000983,114.07396300000983,114.07396300000983,114.07396300000983,153.0,0.03265530526592941,110
GET,/d,3,6,39.16398033319032,3.1504909998147923,108.12630399959744,638.0,0.09796591579778825,6
GET,/d,5,77,77.88771840005211,1.837466000324639,180.7357980001143,354.0,0.16327652632964706,77
GET,/d,1,172.4259549996532,172.4259549996532,172.4259549996532,172.4259549996532,463.0,0.03265530526592941,170
GET,/d,1,11.707707999903505,11.707707999903505,11.707707999903505,11.707707999903505,374.0,0.03265530526592941,12
GET,/d,3,48,42.75817700014765,1.9591999998738174,78.44699800034505,0.0,0.09796591579778825,48
GET,/d,1,97.6985910001531,97.6985910001531,97.6985910001531,97.6985910001531,423.0,0.03265530526592941,98
GET,/d,6,6,51.51446650006619,2.2340979999171395,112.82623699980832,0.0,0.1959318315955765,87
GET,/d,3,71,70.95100099983635,3.1636909998269402,138.20469699976456,0.0,0.09796591579778825,71
GET,/d,5,5,125.80913419988065,2.335715999834065,361.4155159998518,367.0,0.16327652632964706,5
GET,/d,1,6.894496000313666,6.894496000313666,6.894496000313666,6.894496000313666,145.0,0.03265530526592941,7
GET,/d,4,2,125.7896682500359,1.9005330000254617,359.98375999997734,194.0,0.13062122106371765,140
GET,/d,3,4,11.606741333404594,1.588270999945962,29.55059500027346,548.0,0.09796591579778825,4
GET,/d,5,44,83.11973019999641,2.9720450002059806,258.6568149999948,0.0,0.16327652632964706,44
GET,/d,1,1.1854230001517863,1.1854230001517863,1.1854230001517863,1.1854230001517863,0.0,0.03265530526592941,1
GET,/d,3,2,2.3081993334320337,1.8214030001217907,2.9587050003101467,229.0,0.09796591579778825,2
GET,/d,1,175.61004400022284,175.61004400022284,175.61004400022284,175.61004400022284,247.0,0.03265530526592941,180
GET,/d,1,46.931477000271116,46.931477000271116,46.931477000271116,46.931477000271116,152.0,0.03265530526592941,47
GET,/d,2,4,3.9392829999087553,3.648323000106757,4.230242999710754,0.0,0.06531061053185883,4
GET,/d,1,57.48120599992035,57.48120599992035,57.48120599992035,57.48120599992035,223.0,0.03265530526592941,57
GET,/d,1,156.64766000008967,156.64766000008967,156.64766000008967,156.64766000008967,616.0,0.03265530526592941,160
GET,/d,4,28,67.41467475001173,2.6662780001061037,187.07462699967436,0.0,0.13062122106371765,52
GET,/d,3,45,67.26282299996456,8.809766000013042,148.27468899966334,388.0,0.09796591579778825,45
GET,/d,2,4.462886000055732,71.2593764999383,4.462886000055732,138.05586699982086,393.0,0.06531061053185883,140
GET,/d,2,4,261.91486349989646,3.6372869999468094,520.1924399998461,188.0,0.06531061053185883,520
GET,/d,2,54.43387300010727,67.74626350011204,54.43387300010727,81.0586540001168,896.0,0.06531061053185883,81
GET,/d,1,64.72526299967285,64.72526299967285,64.72526299967285,64.72526299967285,0.0,0.03265530526592941,65
GET,/d,1,124.85619800008863,124.85619800008863,124.85619800008863,124.85619800008863,0.0,0.03265530526592941,120
GET,/d,5,100.0,115.21898759992837,3.604391999942891,208.06862899962653,0.0,0.16327652632964706,100
GET,/d,3,36,41.38669433329293,7.703962000050524,80.58240699983799,348.0,0.09796591579778825,36
GET,/d,2,6.258306999825436,51.91482400005043,6.258306999825436,97.57134100027542,0.0,0.06531061053185883,98
GET,/d,2,39.419997000095464,54.366476000041075,39.419997000095464,69.31295499998669,330.0,0.06531061053185883,69
GET,/d,1,369.21194800015655,369.21194800015655,369.21194800015655,369.21194800015655,216.0,0.03265530526592941,370
GET,/d,2,2,34.09491549996346,1.7829889998211002,66.40684200010583,0.0,0.06531061053185883,66
GET,/d,2,12,300.55501450010524,11.785581999902206,589.3244470003083,0.0,0.06531061053185883,590
GET,/d,4,1.2336150002738577,16.46551900000759,1.2336150002738577,60.95974399977422,239.0,0.13062122106371765,2
GET,/d,3,98,69.78264133340417,1.2735640002574655,110.01119499997003,202.0,0.09796591579778825,98
GET,/d,4,51,62.562682249904356,4.429222999988269,122.87171099978877,422.0,0.13062122106371765,72
GET,/d,1,62.014983000153734,62.014983000153734,62.014983000153734,62.014983000153734,185.0,0.03265530526592941,62
GET,/d,3,5,43.585243333230515,2.9650609999407607,122.71485199971721,244.0,0.09796591579778825,5
GET,/d,8,55,123.87987275002388,3.2081099998322316,367.413662999752,364.0,0.2612424421274353,80
GET,/d,3,4,8.246352333268684,2.321329000096739,18.11394099968311,207.0,0.09796591579778825,4
GET,/d,5,18,24.80776779993903,1.334466000116663,52.70948199995473,512.0,0.16327652632964706,18
GET,/d,4,3,95.50370900001326,2.7979300002698437,282.4623649999012,383.0,0.13062122106371765,93
GET,/d,2,1.1031499998352956,2.613511999925322,1.1031499998352956,4.123874000015348,358.0,0.06531061053185883,4
GET,/d,2,83,186.36912900001334,82.67039799966369,290.067860000363,0.0,0.06531061053185883,290
GET,/d,2,7.064700999762863,23.956480499919053,7.064700999762863,40.84826000007524,221.0,0.06531061053185883,41
GET,/d,1,193.19067100013854,193.19067100013854,193.19067100013854,193.19067100013854,174.0,0.03265530526592941,190
GET,/d,3,1.2199259999761125,66.5460146666798,1.2199259999761125,196.93894000010914,0.0,0.09796591579778825,1
GET,/d,4,2,3.8061992499933694,1.6197690001718001,7.0510109999304404,250.0,0.13062122106371765,5
GET,/d,3,1.084152999737853,2.0195433333659216,1.084152999737853,3.5096860001431196,0.0,0.09796591579778825,1
GET,/d,1,337.3311549999016,337.3311549999016,337.3311549999016,337.3311549999016,185.0,0.03265530526592941,340
GET,/d,5,3,14.359891800086189,1.889009000024089,32.74857599990355,0.0,0.16327652632964706,3
GET,/d,6,2,24.163852333458635,1.0741660003077413,118.02218200000425,0.0,0.1959318315955765,4
GET,/d,1,2.112013999976625,2.112013999976625,2.112013999976625,2.112013999976625,141.0,0.03265530526592941,2
GET,/d,4,2,20.308071250042303,1.9743560001188598,74.08377499996277,225.0,0.13062122106371765,3
GET,/d,3,79,129.615118666455,4.478111999560497,305.6979409998348,220.0,0.09796591579778825,79
GET,/d,2,1.0692770001696772,2.2520464999615797,1.0692770001696772,3.434815999753482,568.0,0.06531061053185883,3
GET,/d,5,5,60.497338000004675,1.5236669996738783,250.11007400007657,0.0,0.16327652632964706,5
GET,/d,2,2.2484839996650408,4.182506499773808,2.2484839996650408,6.116528999882576,229.0,0.06531061053185883,6
GET,/d,2,1.1607689998527349,151.59803949973139,1.1607689998527349,302.03530999961004,147.0,0.06531061053185883,300
GET,/d,1,23.82566799997221,23.82566799997221,23.82566799997221,23.82566799997221,0.0,0.03265530526592941,24
GET,/d,2,7,68.9032610000595,6.6323800001555355,131.17414199996347,0.0,0.06531061053185883,130
GET,/d,1,3.22340599996096,3.22340599996096,3.22340599996096,3.22340599996096,157.0,0.03265530526592941,3
GET,/d,2,201.52544199982003,288.62991150003836,201.52544199982003,375.7343810002567,224.0,0.06531061053185883,380
GET,/d,2,1.1785100000452076,1.6789955000149348,1.1785100000452076,2.179480999984662,230.0,0.06531061053185883,2
GET,/d,1,256.40679999969507,256.40679999969507,256.40679999969507,256.40679999969507,195.0,0.03265530526592941,260
GET,/d,2,75,76.38638599996739,74.69027800016192,78.08249399977285,174.0,0.06531061053185883,78
GET,/d,4,120.0,110.6213697498788,11.229921999984072,176.93738499974643,240.0,0.13062122106371765,140
GET,/d,2,1.4763839999432093,18.050035499982187,1.4763839999432093,34.623687000021164,0.0,0.06531061053185883,35
GET,/d,2,210.0,287.3970409998492,205.97101199973622,368.8230699999622,218.0,0.06531061053185883,370
GET,/d,7,2,17.541727571434812,1.3202179998188512,65.33784400016884,0.0,0.22858713686150592,2
GET,/d,2,37.39829000005557,560.6348230001004,37.39829000005557,1083.8713560001452,526.0,0.06531061053185883,1100
GET,/d,4,4,54.57565425024313,3.497255000183941,204.1136410002764,330.0,0.13062122106371765,6
GET,/d,4,20,62.8915515000017,2.316370999778883,179.18636000013066,0.0,0.13062122106371765,50
GET,/d,2,27.092443999663374,75.0944554997659,27.092443999663374,123.09646699986843,0.0,0.06531061053185883,120
GET,/d,3,87,88.63536899995476,75.43423600009191,103.06068999989293,0.0,0.09796591579778825,87
GET,/d,4,74,128.5530612498178,1.6933819997575483,355.72781499968187,0.0,0.13062122106371765,82
GET,/d,2,2,103.0582815001253,1.7797069999687665,204.33685600028184,446.0,0.06531061053185883,200
GET,/d,2,47,79.6960439997747,46.7047009997259,112.6873869998235,0.0,0.06531061053185883,110
GET,/d,2,2,79.06394500014358,1.5935790002004069,156.53431100008675,682.0,0.06531061053185883,160
GET,/d,5,32,127.35739900008411,2.692259000014019,361.7789720001383,139.0,0.16327652632964706,32
GET,/d,3,8,11.769658000048366,2.440270000079181,24.997681000058947,0.0,0.09796591579778825,8
GET,/d,2,6.119183000009798,184.59954850004578,6.119183000009798,363.07991400008177,0.0,0.06531061053185883,360
GET,/d,4,3,4.161082749988054,1.799053000013373,6.766615999822534,1150.0,0.13062122106371765,5
GET,/d,5,100,121.3249985999937,2.957866999622638,360.6436250001934,256.0,0.16327652632964706,100
GET,/d,3,40,45.68035266659839,2.2888529997544538,94.37425800024357,634.0,0.09796591579778825,40
GET,/d,2,3.496695999729127,24.352238999881592,3.496695999729127,45.20778200003406,0.0,0.06531061053185883,45
GET,/d,1,1.9462800000837888,1.9462800000837888,1.9462800000837888,1.9462800000837888,0.0,0.03265530526592941,2
GET,/d,3,70,79.5241419997789,1.3725299995712703,167.4099900001238,180.0,0.09796591579778825,70
GET,/d,8,42,47.22269837503745,1.6440740000689402,101.43624000011187,0.0,0.2612424421274353,52
GET,/d,1,1.2698630002887512,1.2698630002887512,1.2698630002887512,1.2698630002887512,220.0,0.03265530526592941,1
GET,/d,3,4,15.343761666523884,1.3859389996468963,40.73029800019867,612.0,0.09796591579778825,4
GET,/d,3,2.0273649997761822,45.24626533323802,2.0273649997761822,131.67337999993833,0.0,0.09796591579778825,2
GET,/d,5,72,85.60803599984865,1.2711189997389738,243.05026199999702,0.0,0.16327652632964706,72
GET,/d,5,4,23.39372420001382,3.211950999684632,70.88355800033241,680.0,0.16327652632964706,4
GET,/d,4,2,2.954619500087574,1.5583090003019606,5.791486000362056,340.0,0.13062122106371765,2
GET,/d,2,11.20582600015041,28.177051500051675,11.20582600015041,45.14827699995294,629.0,0.06531061053185883,45
GET,/d,4,3.070591000323475,4.747805500187496,3.070591000323475,8.340220000263798,226.0,0.13062122106371765,4
GET,/d,1,1.577305999944656,1.577305999944656,1.577305999944656,1.577305999944656,386.0,0.03265530526592941,2
GET,/d,2,43.309903999670496,202.6242659997024,43.309903999670496,361.9386279997343,409.0,0.06531061053185883,360
GET,/d,4,61,130.9123295000063,25.179759000366175,350.80145199981416,620.0,0.13062122106371765,86
GET,/d,2,110.0,217.43465550025576,108.72540800028219,326.14390300022933,164.0,0.06531061053185883,330
GET,/d,2,340.0,354.7833800000717,338.5086850003063,371.0580749998371,225.0,0.06531061053185883,370
GET,/d,3,81,649.2720686668084,77.09416400030022,1789.35433200013,231.0,0.09796591579778825,81
GET,/d,3,45,61.18573033336361,34.659724999983155,103.73717699985718,0.0,0.09796591579778825,45
GET,/d,3,90,87.85989200002102,36.62060199985717,137.2021910001422,0.0,0.09796591579778825,90
GET,/d,3,91,137.5242096664806,2.28850399980729,319.57284800000707,164.0,0.09796591579778825,91
GET,/d,1,2.409958999578521,2.409958999578521,2.409958999578521,2.409958999578521,252.0,0.03265530526592941,2
GET,/d,3,2,26.841153999915452,1.4360149998537963,77.473055000155,292.0,0.09796591579778825,2
GET,/d,3,68,63.660407999880896,29.016583999691647,93.61514900001566,0.0,0.09796591579778825,68
GET,/d,1,2.0258989998183097,2.0258989998183097,2.0258989998183097,2.0258989998183097,0.0,0.03265530526592941,2
GET,/d,4,43,38.91390724982102,5.424047999895265,61.16361299973505,636.0,0.13062122106371765,46
GET,/d,1,103.91421899976194,103.91421899976194,103.91421899976194,103.91421899976194,419.0,0.03265530526592941,100
GET,/d,2,4,12.177673499991215,3.5430709999673127,20.812276000015117,210.0,0.06531061053185883,21
GET,/d,2,47,56.59404450011607,46.69750600032785,66.49058299990429,0.0,0.06531061053185883,66
GET,/d,1,638.3898680001039,638.3898680001039,638.3898680001039,638.3898680001039,174.0,0.03265530526592941,640
GET,/d,2,2,44.56677249982022,1.945440999861603,87.18810399977883,390.0,0.06531061053185883,87
GET,/d,4,4,106.21027425008833,2.179132000037498,335.1905760000591,387.0,0.13062122106371765,84
GET,/d,1,87.08921400011604,87.08921400011604,87.08921400011604,87.08921400011604,475.0,0.03265530526592941,87
GET,/d,1,1.3602369999716757,1.3602369999716757,1.3602369999716757,1.3602369999716757,226.0,0.03265530526592941,1
GET,/d,2,42.034733000036795,188.7963734998266,42.034733000036795,335.5580139996164,242.0,0.06531061053185883,340
GET,/d,1,69.89983499988739,69.89983499988739,69.89983499988739,69.89983499988739,198.0,0.03265530526592941,70
GET,/d,2,44,57.955644499998016,43.94581199994718,71.96547700004885,0.0,0.06531061053185883,72
GET,/d,1,88.90083200003573,88.90083200003573,88.90083200003573,88.90083200003573,0.0,0.03265530526592941,89
GET,/d,3,320.0,274.5747233334441,132.21269299992855,375.52941200010537,210.0,0.09796591579778825,320
GET,/d,1,16.396742000324593,16.396742000324593,16.396742000324593,16.396742000324593,216.0,0.03265530526592941,16
GET,/d,2,150.0,175.64318049994654,148.09141900013856,203.19494199975452,270.0,0.06531061053185883,200
GET,/d,2,2,71.08236299995951,1.7597329997443012,140.40499300017473,339.0,0.06531061053185883,140
GET,/d,3,96,81.74331533321795,3.477489000033529,145.73984499975268,203.0,0.09796591579778825,96
GET,/d,4,9,114.04295375007223,2.953746000002866,342.63717100020585,411.0,0.13062122106371765,100
GET,/d,2,2.1339439999792376,2.2749194997686573,2.1339439999792376,2.415894999558077,0.0,0.06531061053185883,2
GET,/d,1,347.42063099974985,347.42063099974985,347.42063099974985,347.42063099974985,255.0,0.03265530526592941,350
GET,/d,3,130.0,196.9691319998977,86.41167899986613,372.3448380001173,245.0,0.09796591579778825,130
GET,/d,3,2,1.7796136665613933,1.2007179998363426,2.3112029998628714,230.0,0.09796591579778825,2
GET,/d,1,56.18410999977641,56.18410999977641,56.18410999977641,56.18410999977641,464.0,0.03265530526592941,56
GET,/d,1,390.4114940000909,390.4114940000909,390.4114940000909,390.4114940000909,184.0,0.03265530526592941,390
GET,/d,5,34,67.39268639985312,1.4610889998039056,219.99034200007372,0.0,0.16327652632964706,34
GET,/d,4,5,84.37289075004628,2.2023890001037216,267.6944640002148,0.0,0.13062122106371765,63
GET,/d,1,62.35525200008851,62.35525200008851,62.35525200008851,62.35525200008851,0.0,0.03265530526592941,62
GET,/d,1,430.1863450000383,430.1863450000383,430.1863450000383,430.1863450000383,467.0,0.03265530526592941,430
GET,/d,1,624.8013210001773,624.8013210001773,624.8013210001773,624.8013210001773,0.0,0.03265530526592941,620
GET,/d,4,12,55.29180925009314,1.4967080001042632,107.63545600002544,177.0,0.13062122106371765,100
GET,/d,1,106.49375599996347,106.49375599996347,106.49375599996347,106.49375599996347,471.0,0.03265530526592941,110
GET,/d,1,135.57187600008547,135.57187600008547,135.57187600008547,135.57187600008547,237.0,0.03265530526592941,140
GET,/d,2,2.2180330001901893,18.741643500106875,2.2180330001901893,35.26525400002356,453.0,0.06531061053185883,35
GET,/d,2,9,160.7816300002014,8.790070000031847,312.77319000037096,250.0,0.06531061053185883,310
GET,/d,6,78,132.82435800003137,1.1846560000776662,342.5319890002356,216.0,0.1959318315955765,95
GET,/d,4,15,71.18047250003201,5.472098999689479,203.36458800011314,151.0,0.13062122106371765,61
GET,/d,2,1.4163900000312424,49.04202400007307,1.4163900000312424,96.6676580001149,163.0,0.06531061053185883,97
GET,/d,5,47,75.73663399980433,3.2396080000580696,187.46881699962614,0.0,0.16327652632964706,47
GET,/d,4,36,38.50751624986515,2.3751079997964553,70.53833000009035,394.0,0.13062122106371765,45
GET,/d,2,134.58068199997797,144.96160800013058,134.58068199997797,155.3425340002832,0.0,0.06531061053185883,160
GET,/d,1,403.2352600002014,403.2352600002014,403.2352600002014,403.2352600002014,0.0,0.03265530526592941,400
GET,/d,1,49.038111999834655,49.038111999834655,49.038111999834655,49.038111999834655,165.0,0.03265530526592941,49
GET,/d,2,4,117.10952600014934,3.8973079999777838,230.3217440003209,0.0,0.06531061053185883,230
GET,/d,3,27,40.60237233352382,2.2639200001322024,92.50404100021115,0.0,0.09796591579778825,27
GET,/d,4,91,144.56343724998533,32.3718499998904,259.76541299996825,164.0,0.13062122106371765,200
GET,/d,5,96,164.65870659994835,62.06003200031773,383.50268399972265,0.0,0.16327652632964706,96
GET,/d,5,7,99.1191835999416,1.5357490001406404,296.57835700027135,0.0,0.16327652632964706,7
GET,/d,2,2.2022500002094603,23.895649500218497,2.2022500002094603,45.58904900022753,0.0,0.06531061053185883,46
GET,/d,1,1.7430399998374924,1.7430399998374924,1.7430399998374924,1.7430399998374924,0.0,0.03265530526592941,2
GET,/d,2,5,152.23255149999204,4.595446000166703,299.8696569998174,225.0,0.06531061053185883,300
GET,/d,1,1.5484609998566157,1.5484609998566157,1.5484609998566157,1.5484609998566157,234.0,0.03265530526592941,2
GET,/d,2,42.39043699999456,79.37795349994303,42.39043699999456,116.3654699998915,295.0,0.06531061053185883,120
GET,/d,2,50.19224700026825,199.6733790001599,50.19224700026825,349.15451100005157,676.0,0.06531061053185883,350
GET,/d,6,40,116.93180499992195,2.297652999914135,355.9543119999944,0.0,0.1959318315955765,130
GET,/d,3,2.270903999942675,9.074488666707717,2.270903999942675,22.527169000113645,239.0,0.09796591579778825,2
GET,/d,3,350.0,238.3682836666594,3.3476539997536747,360.13174500021705,0.0,0.09796591579778825,350
GET,/d,2,5.4895600001145795,59.4770765001158,5.4895600001145795,113.46459300011702,648.0,0.06531061053185883,110
GET,/d,2,2,26.11909500001275,1.5750000002299203,50.66318999979558,242.0,0.06531061053185883,51
GET,/d,2,9.238244000243867,60.68477650023851,9.238244000243867,112.13130900023316,233.0,0.06531061053185883,110
GET,/d,3,130.0,180.0141680002222,36.736959000336356,376.66475900005025,0.0,0.09796591579778825,130
GET,/d,3,15,40.26017033341608,2.957238999897527,102.80478599997878,0.0,0.09796591579778825,15
GET,/d,2,1.2554750001072534,175.5025160000514,1.2554750001072534,349.74955699999555,177.0,0.06531061053185883,350
GET,/d,2,1.1127879997729906,33.59058849991925,1.1127879997729906,66.06838900006551,193.0,0.06531061053185883,66
GET,/d,4,62,117.47052374994382,1.3477349998538557,297.55091199967865,193.0,0.13062122106371765,110
GET,/d,1,3.3683269998618925,3.3683269998618925,3.3683269998618925,3.3683269998618925,0.0,0.03265530526592941,3
GET,/d,6,3,39.047252833370294,2.195545000176935,130.6409789999634,0.0,0.1959318315955765,15
GET,/d,1,363.09318500025256,363.09318500025256,363.09318500025256,363.09318500025256,231.0,0.03265530526592941,360
GET,/d,4,31,52.55476549996274,28.220807999787212,76.60925300024246,238.0,0.13062122106371765,74
GET,/d,3,100,325.6040733332763,48.65286499989452,828.6397130000296,241.0,0.09796591579778825,100
GET,/d,2,210.0,286.286827999902,209.03272699979425,363.5409290000098,187.0,0.06531061053185883,360
GET,/d,2,1.2043500000800123,53.777328500018484,1.2043500000800123,106.35030699995696,0.0,0.06531061053185883,110
GET,/d,1,362.0400410000002,362.0400410000002,362.0400410000002,362.0400410000002,0.0,0.03265530526592941,360
GET,/d,4,37,109.78260850004062,2.6747289998638735,361.727639000037,0.0,0.13062122106371765,38
GET,/d,4,14,161.48177900004157,1.8200050003542856,611.0751870000968,600.0,0.13062122106371765,19
GET,/d,1,293.1914609998785,293.1914609998785,293.1914609998785,293.1914609998785,476.0,0.03265530526592941,290
GET,/d,5,330.0,255.57098700001006,3.676048999750492,454.3844960003298,178.0,0.16327652632964706,330
GET,/d,1,1.0418980000395095,1.0418980000395095,1.0418980000395095,1.0418980000395095,253.0,0.03265530526592941,1
GET,/d,2,26,74.7832735000884,25.758956000117905,123.80759100005889,0.0,0.06531061053185883,120
GET,/d,3,270.0,259.6855860000081,59.53085500004818,453.3539809999638,0.0,0.09796591579778825,270
GET,/d,1,347.35043900036544,347.35043900036544,347.35043900036544,347.35043900036544,197.0,0.03265530526592941,350
GET,/d,4,31,49.270264500023586,1.7176870001094358,100.38979699993433,478.0,0.13062122106371765,64
GET,/d,2,57,117.52173049990233,56.93183399989721,178.11162699990746,515.0,0.06531061053185883,180
GET,/d,1,2.39920300009544,2.39920300009544,2.39920300009544,2.39920300009544,130.0,0.03265530526592941,2
GET,/d,1,339.72777400003906,339.72777400003906,339.72777400003906,339.72777400003906,234.0,0.03265530526592941,340
GET,/d,4,71,139.40623949997644,2.0709469999928842,364.6978679998938,0.0,0.13062122106371765,120
GET,/d,2,2.1616019998873526,175.52301749992694,2.1616019998873526,348.8844329999665,418.0,0.06531061053185883,350
GET,/d,4,39,45.64588199980335,3.481818999716779,79.72915299978922,0.0,0.13062122106371765,61
GET,/d,3,45,80.19126966685992,14.219427000170981,181.82972300019173,490.0,0.09796591579778825,45
GET,/d,3,37,42.462117333343485,1.9607369999903312,88.73265600004743,582.0,0.09796591579778825,37
GET,/d,4,2,32.10433824983738,1.8857969998862245,79.52283499980695,90.0,0.13062122106371765,45
GET,/d,2,33.281259999967006,67.33325549998881,33.281259999967006,101.38525100001061,0.0,0.06531061053185883,100
GET,/d,3,4,24.674966333350312,2.085893000185024,67.82414100007372,880.0,0.09796591579778825,4
GET,/d,1,14.054390999717725,14.054390999717725,14.054390999717725,14.054390999717725,407.0,0.03265530526592941,14
GET,/d,2,4,32.507728500149824,3.7998790003257454,61.2155779999739,0.0,0.06531061053185883,61
GET,/d,3,3,23.138355000204076,2.5640990002102626,64.12085300007675,223.0,0.09796591579778825,3
GET,/d,2,2.4006690000533126,49.847298000031515,2.4006690000533126,97.29392700000972,499.0,0.06531061053185883,97
GET,/d,3,79,57.174790333344085,2.3308280001401727,90.51613800011182,0.0,0.09796591579778825,79
GET,/d,2,2.1687950002160505,181.19200550017922,2.1687950002160505,360.2152160001424,222.0,0.06531061053185883,360
GET,/d,4,66,69.46601475010539,1.7322840003544115,115.0361720001456,0.0,0.13062122106371765,95
GET,/d,4,5,88.00831300004575,3.952902000037284,210.68853799988574,0.0,0.13062122106371765,130
GET,/d,3,130.0,117.43942200003706,69.09714199991868,151.907575000223,0.0,0.09796591579778825,130
GET,/d,2,114.82462200001464,116.93261949994849,114.82462200001464,119.04061699988233,0.0,0.06531061053185883,120
GET,/d,2,2,255.51285699998516,1.7455540000810288,509.2801599998893,0.0,0.06531061053185883,510
GET,/d,2,3.255741999964812,60.648811499959265,3.255741999964812,118.04188099995372,436.0,0.06531061053185883,120
GET,/d,4,110.0,157.9590452499815,91.90431199976956,280.4155130002073,0.0,0.13062122106371765,150
GET,/d,2,97.12071900003139,224.5605020000312,97.12071900003139,352.000285000031,252.0,0.06531061053185883,350
GET,/d,3,39,44.269156666662944,1.4924469996913103,91.8787510004222,226.0,0.09796591579778825,39
GET,/d,3,9,30.663731999993615,1.8562539999038563,80.89439200011839,623.0,0.09796591579778825,9
GET,/d,7,4,37.058629142848076,1.33886599996913,99.02187899979253,0.0,0.22858713686150592,4
GET,/d,2,4,4.120732000046701,3.5239349999756087,4.717529000117793,182.0,0.06531061053185883,5
GET,/d,3,3,32.768156333380226,2.6832500002456072,92.66160600009243,207.0,0.09796591579778825,3
GET,/d,2,3.1884150002952083,86.1144685002273,3.1884150002952083,169.0405220001594,0.0,0.06531061053185883,170
GET,/d,1,114.03918299993165,114.03918299993165,114.03918299993165,114.03918299993165,0.0,0.03265530526592941,110
GET,/d,4,2,72.1806410000454,1.6976430001705012,186.18205500024487,205.0,0.13062122106371765,99
GET,/d,2,36,264.4949909999923,35.906608999994205,493.0833729999904,0.0,0.06531061053185883,490
GET,/d,3,29,27.12273266676372,2.8672820003521338,49.63085999997929,0.0,0.09796591579778825,29
GET,/d,2,2,36.95755350008767,1.7804049998630944,72.13470200031225,0.0,0.06531061053185883,72
GET,/d,1,287.09350999997696,287.09350999997696,287.09350999997696,287.09350999997696,232.0,0.03265530526592941,290
GET,/d,4,30,84.69199975002084,2.147354000044288,210.9639979998974,0.0,0.13062122106371765,96
GET,/d,3,44,219.59720200008329,8.401332000175898,606.3203540002178,199.0,0.09796591579778825,44
GET,/d,1,1082.7381049998621,1082.7381049998621,1082.7381049998621,1082.7381049998621,586.0,0.03265530526592941,1100
GET,/d,4,31,55.69017100015117,3.2867520003492245,99.50658400020984,0.0,0.13062122106371765,89
GET,/d,1,20.98855599979288,20.98855599979288,20.98855599979288,20.98855599979288,251.0,0.03265530526592941,21
GET,/d,6,3,75.10228933332048,1.5674579999540583,336.70397600008073,210.0,0.1959318315955765,44
GET,/d,5,31,54.37179999989894,2.9175690001466137,153.83094800017716,218.0,0.16327652632964706,31
GET,/d,4,30,26.458333500045228,10.521167000206333,32.66958499989414,157.0,0.13062122106371765,32
GET,/d,1,28.557304000059958,28.557304000059958,28.557304000059958,28.557304000059958,187.0,0.03265530526592941,29
GET,/d,1,1.4839280001979205,1.4839280001979205,1.4839280001979205,1.4839280001979205,148.0,0.03265530526592941,1
GET,/d,1,2.7276690002508985,2.7276690002508985,2.7276690002508985,2.7276690002508985,371.0,0.03265530526592941,3
GET,/d,1,337.8186499999174,337.8186499999174,337.8186499999174,337.8186499999174,201.0,0.03265530526592941,340
GET,/d,6,16,71.3430093334561,2.0314160001362325,228.22900100027255,645.0,0.1959318315955765,38
GET,/d,5,39,69.32794379981715,3.2329030000255443,166.8834539996169,200.0,0.16327652632964706,39
GET,/d,3,8,21.872706666575443,2.8656059998866112,54.359772999760025,213.0,0.09796591579778825,8
GET,/d,4,2,94.84057999998186,1.2731449996863375,296.709808000287,0.0,0.13062122106371765,80
GET,/d,1,36.468975999923714,36.468975999923714,36.468975999923714,36.468975999923714,0.0,0.03265530526592941,36
GET,/d,2,10,24.07367550017625,9.858300000360032,38.28905099999247,214.0,0.06531061053185883,38
GET,/d,2,2,171.65536200013776,1.547903000300721,341.7628209999748,134.0,0.06531061053185883,340
GET,/d,1,5.367546000343282,5.367546000343282,5.367546000343282,5.367546000343282,0.0,0.03265530526592941,5
GET,/d,1,88.4111089999351,88.4111089999351,88.4111089999351,88.4111089999351,223.0,0.03265530526592941,88
GET,/d,3,94,160.95187033351976,11.63479400020151,376.7600230003154,206.0,0.09796591579778825,94
GET,/d,1,5.867892999958713,5.867892999958713,5.867892999958713,5.867892999958713,0.0,0.03265530526592941,6
GET,/d,4,51,74.40408600007231,4.535591000148997,148.71664800011786,408.0,0.13062122106371765,93
GET,/d,3,4,3.5416043333498237,2.5217749998773797,4.458346999854257,438.0,0.09796591579778825,4
GET,/d,3,48,47.80014433329901,36.076464999950986,58.995865999804664,0.0,0.09796591579778825,48
GET,/d,3,2,6.273789333439102,1.5465060000678932,15.119477000098414,74.0,0.09796591579778825,2
GET,/d,3,79,90.13205333349106,61.982020000414195,129.78618800025288,0.0,0.09796591579778825,79
GET,/d,1,130.78792699980113,130.78792699980113,130.78792699980113,130.78792699980113,221.0,0.03265530526592941,130
GET,/d,2,7,7.821330499837131,6.869212999845331,8.773447999828932,193.0,0.06531061053185883,9
GET,/d,3,59,66.13143266667976,41.76975200016386,97.33269099979225,175.0,0.09796591579778825,59
GET,/d,2,2.2644079999736277,87.53655049986264,2.2644079999736277,172.80869299975166,0.0,0.06531061053185883,170
GET,/d,3,2,36.891728333406114,1.3512969999283087,106.91148500018244,406.0,0.09796591579778825,2
GET,/d,1,106.53364100016915,106.53364100016915,106.53364100016915,106.53364100016915,617.0,0.03265530526592941,110
GET,/d,2,34.38308299973869,71.51943149983708,34.38308299973869,108.65577999993548,501.0,0.06531061053185883,110
GET,/d,1,6.611008000163565,6.611008000163565,6.611008000163565,6.611008000163565,740.0,0.03265530526592941,7
GET,/d,3,44,64.61025699991296,2.4617809999654128,147.6330529999359,253.0,0.09796591579778825,44
GET,/d,6,5,171.62206949994166,1.6217249999499472,672.1318660001998,178.0,0.1959318315955765,38
GET,/d,1,3.3242559998143406,3.3242559998143406,3.3242559998143406,3.3242559998143406,0.0,0.03265530526592941,3
GET,/d,2,60,145.14186350015734,59.64692900033697,230.63679799997772,205.0,0.06531061053185883,230
GET,/d,1,4.53216899995823,4.53216899995823,4.53216899995823,4.53216899995823,136.0,0.03265530526592941,5
GET,/d,2,113.488549000067,115.00847550018989,113.488549000067,116.52840200031278,0.0,0.06531061053185883,120
GET,/d,4,43,46.343199749912856,21.80703199974232,72.44291400002112,352.0,0.13062122106371765,48
GET,/d,4,55,142.04351249998126,4.113258999950631,384.75577100007285,426.0,0.13062122106371765,120
GET,/d,1,46.02569899998343,46.02569899998343,46.02569899998343,46.02569899998343,200.0,0.03265530526592941,46
GET,/d,3,3,20.80198599984821,2.6191349998043734,56.910321999566804,0.0,0.09796591579778825,3
GET,/d,2,2,20.162713999980042,1.9957279996560828,38.329700000304,0.0,0.06531061053185883,38
GET,/d,6,3,8.817320333340225,2.0125589999224758,39.235406999978295,0.0,0.1959318315955765,3
GET,/d,1,2.463456999976188,2.463456999976188,2.463456999976188,2.463456999976188,0.0,0.03265530526592941,2
GET,/d,1,95.71494700003313,95.71494700003313,95.71494700003313,95.71494700003313,427.0,0.03265530526592941,96
GET,/d,6,4,50.89986016658562,2.415056999780063,134.81087999980446,152.0,0.1959318315955765,71
GET,/d,3,2,59.57434200005688,1.9202280000172323,174.616541999967,461.0,0.09796591579778825,2
GET,/d,2,3,3.8484190001781826,2.5030580000020564,5.193780000354309,231.0,0.06531061053185883,5
GET,/d,1,4.3714630000977195,4.3714630000977195,4.3714630000977195,4.3714630000977195,159.0,0.03265530526592941,4
GET,/d,3,95,146.84300299995812,2.651192000030278,342.75282799990237,184.0,0.09796591579778825,95
GET,/d,4,10,167.45349149982758,4.559897000035562,347.84638599967366,232.0,0.13062122106371765,310
GET,/d,2,82.38557999993645,95.4879250000431,82.38557999993645,108.59027000014976,405.0,0.06531061053185883,110
GET,/d,1,38.115773999834346,38.115773999834346,38.115773999834346,38.115773999834346,0.0,0.03265530526592941,38
GET,/d,2,4,58.47956249999697,3.880545999891183,113.07857900010276,280.0,0.06531061053185883,110
GET,/d,4,49,99.1817674999993,2.099930999975186,274.3879720001132,227.0,0.13062122106371765,72
GET,/d,2,19,59.02687499997228,18.556317999809835,99.49743200013472,502.0,0.06531061053185883,99
GET,/d,3,97,90.35237766662856,2.266153999698872,172.2503690002668,471.0,0.09796591579778825,97
GET,/d,1,315.4464489998645,315.4464489998645,315.4464489998645,315.4464489998645,585.0,0.03265530526592941,320
GET,/d,1,676.9549999999072,676.9549999999072,676.9549999999072,676.9549999999072,0.0,0.03265530526592941,680
GET,/d,4,190.0,206.9927254999584,75.76689200004694,327.94316899980913,0.0,0.13062122106371765,240
GET,/d,2,52.29217900023286,78.43746150024344,52.29217900023286,104.58274400025402,214.0,0.06531061053185883,100
GET,/d,3,29,33.96154166663715,3.0854669998916506,70.04427099991517,247.0,0.09796591579778825,29
GET,/d,2,5,170.50562750000609,4.9553399999240355,336.05591500008813,0.0,0.06531061053185883,340
GET,/d,1,3.620455000145739,3.620455000145739,3.620455000145739,3.620455000145739,0.0,0.03265530526592941,4
GET,/d,1,189.68146999986857,189.68146999986857,189.68146999986857,189.68146999986857,481.0,0.03265530526592941,190
GET,/d,5,21,155.17903280006067,1.1984140001004562,684.5683070000632,243.0,0.16327652632964706,21
GET,/d,2,12.265535000096861,160.28460500024266,12.265535000096861,308.30367500038847,445.0,0.06531061053185883,310
GET,/d,6,70,119.87585366675073,2.065917999971134,359.15425000030154,0.0,0.1959318315955765,91
GET,/d,1,222.43912800013277,222.43912800013277,222.43912800013277,222.43912800013277,174.0,0.03265530526592941,220
GET,/d,3,13,62.98517933343343,1.3577240001723112,174.99627100005455,187.0,0.09796591579778825,13
GET,/d,2,5,68.43232349979189,4.512194999733765,132.35245199985002,0.0,0.06531061053185883,130
GET,/d,5,41,87.34774060003474,3.8481400001728616,260.4457470001762,194.0,0.16327652632964706,41
GET,/d,3,210.0,243.39698299991142,179.9023059998035,339.13334999988365,330.0,0.09796591579778825,210
GET,/d,3,4,118.50525299996661,2.053764999800478,348.99009799983105,643.0,0.09796591579778825,4
GET,/d,2,3,14.884493999943516,2.93579699973634,26.83319100015069,0.0,0.06531061053185883,27
GET,/d,3,62,49.44053899998835,2.2025289999874076,84.51819700030683,435.0,0.09796591579778825,62
GET,/d,3,57,100.57858066678212,55.5642600002102,189.50351000012233,696.0,0.09796591579778825,57
GET,/d,3,6,27.177417999913207,1.982945999770891,73.673663000136,680.0,0.09796591579778825,6
GET,/d,1,2.0404960000632855,2.0404960000632855,2.0404960000632855,2.0404960000632855,239.0,0.03265530526592941,2
GET,/d,2,1.1223569999856409,78.1661974999679,1.1223569999856409,155.21003799995015,223.0,0.06531061053185883,160
GET,/d,4,26,47.831631999997626,3.8505150000673893,111.02243899995301,380.0,0.13062122106371765,51
GET,/d,2,2,1.896307499919203,1.6625819998807856,2.1300329999576206,0.0,0.06531061053185883,2
GET,/d,1,101.31653300004473,101.31653300004473,101.31653300004473,101.31653300004473,201.0,0.03265530526592941,100
GET,/d,3,65,119.20055566679366,3.048800000215124,289.5744279999235,202.0,0.09796591579778825,65
GET,/d,1,95.8389789998364,95.8389789998364,95.8389789998364,95.8389789998364,219.0,0.03265530526592941,96
GET,/d,5,46,48.52295979990231,1.8906149998656474,98.60401800006002,411.0,0.16327652632964706,46
GET,/d,5,2,84.98055099998965,1.5726960000392864,373.2778439998583,237.0,0.16327652632964706,2
GET,/d,3,4,120.36621333330307,1.2597350000760343,355.8566699998664,0.0,0.09796591579778825,4
GET,/d,4,62,72.66452000010304,2.11955599979774,116.87663600014275,0.0,0.13062122106371765,110
GET,/d,4,64,138.07556025005852,44.89475000036691,327.37877099998514,387.0,0.13062122106371765,120
GET,/d,3,26,63.66033999999369,1.819517000058113,162.89451800003008,202.0,0.09796591579778825,26
GET,/d,2,30,31.536229499806723,29.53194599967901,33.540512999934435,472.0,0.06531061053185883,34
GET,/d,2,18,18.87818399995922,17.542426000090927,20.21394199982751,0.0,0.06531061053185883,20
GET,/d,1,16.98816199996145,16.98816199996145,16.98816199996145,16.98816199996145,391.0,0.03265530526592941,17
GET,/d,3,19,20.857068333195155,1.3897809999434685,41.8151509998097,204.0,0.09796591579778825,19
GET,/d,3,100.0,88.3207093332506,35.38991999994323,127.45235500005947,0.0,0.09796591579778825,100
GET,/d,1,68.04078799996205,68.04078799996205,68.04078799996205,68.04078799996205,364.0,0.03265530526592941,68
GET,/d,3,67,60.54346633330473,7.441984999786655,107.3456899998746,0.0,0.09796591579778825,67
GET,/d,2,35,40.394115500021144,34.9121340000238,45.87609700001849,0.0,0.06531061053185883,46
GET,/d,5,92,104.68582120001884,58.058868999978586,149.88195400019322,178.0,0.16327652632964706,92
GET,/d,3,36,30.700631333578105,3.301558000202931,53.174559000126465,194.0,0.09796591579778825,36
GET,/d,2,1,51.71668349998981,0.8663170001455001,102.56704999983413,834.0,0.06531061053185883,100
GET,/d,1,1.1156519999531156,1.1156519999531156,1.1156519999531156,1.1156519999531156,219.0,0.03265530526592941,1
GET,/d,3,3,62.638416000027064,2.289900000050693,183.1063660001746,431.0,0.09796591579778825,3
GET,/d,5,4,20.68964820009569,1.3249670000732294,70.14120900021226,207.0,0.16327652632964706,4
GET,/d,4,72,157.87832824992165,16.352741999980935,408.3270139999513,481.0,0.13062122106371765,130
GET,/d,3,200.0,152.47133533345428,2.175430000079359,259.67188999993596,215.0,0.09796591579778825,200
GET,/d,1,1.491749999786407,1.491749999786407,1.491749999786407,1.491749999786407,0.0,0.03265530526592941,1
GET,/d,3,100.0,178.9025219998924,92.46981699971002,343.35458500027016,580.0,0.09796591579778825,100
GET,/d,3,1,1.2594556665135315,0.9896569999909843,1.6740359997129417,0.0,0.09796591579778825,1
GET,/d,3,6,43.279266666710704,1.6292680002152338,122.04304399983812,0.0,0.09796591579778825,6
GET,/d,6,2,118.94725116659781,1.730398999825411,651.2724499998512,210.0,0.1959318315955765,27
GET,/d,1,3.843110000161687,3.843110000161687,3.843110000161687,3.843110000161687,0.0,0.03265530526592941,4
GET,/d,3,96,151.9329293332703,3.1001349998405203,356.7655229999218,202.0,0.09796591579778825,96
GET,/d,1,22.859127999709017,22.859127999709017,22.859127999709017,22.859127999709017,0.0,0.03265530526592941,23
GET,/d,4,3,221.66589824996663,2.2973029999775463,449.1997270001775,217.0,0.13062122106371765,430
GET,/d,7,120.0,148.68712528583015,1.5455980001206626,381.03685100031726,0.0,0.22858713686150592,120
GET,/d,4,2,42.1294562499952,1.7676939996817964,92.77405099965108,220.0,0.13062122106371765,72
GET,/d,2,2,1.9338824999977078,1.8450090001351782,2.0227559998602374,650.0,0.06531061053185883,2
GET,/d,3,3,9.56368399981026,1.6928239997469063,24.37259799989988,389.0,0.09796591579778825,3
GET,/d,3,5,19.838938666756196,1.3083449998703145,53.185104000021965,0.0,0.09796591579778825,5
GET,/d,3,110.0,174.93846933333165,55.972768000174256,362.34720399988873,0.0,0.09796591579778825,110
GET,/d,4,63,67.77663100001519,3.723890999935975,104.74862599994594,729.0,0.13062122106371765,99
GET,/d,2,44.24298899994028,108.78764199992474,44.24298899994028,173.3322949999092,461.0,0.06531061053185883,170
GET,/d,4,32,130.7762972500086,3.486708999844268,371.7583080001532,197.0,0.13062122106371765,120
GET,/d,3,97,125.76004466670081,3.530009999849426,276.2655970000196,0.0,0.09796591579778825,97
GET,/d,2,3,18.6998424999274,2.818811999986792,34.580872999868006,200.0,0.06531061053185883,35
GET,/d,1,267.96524099972885,267.96524099972885,267.96524099972885,267.96524099972885,247.0,0.03265530526592941,270
GET,/d,3,63,74.86160333337466,36.018705000060436,125.59002700027122,350.0,0.09796591579778825,63
GET,/d,1,89.66616099996827,89.66616099996827,89.66616099996827,89.66616099996827,220.0,0.03265530526592941,90
GET,/d,2,2.3781109998708416,2.3818820000087726,2.3781109998708416,2.3856530001467036,0.0,0.06531061053185883,2
GET,/d,3,49,91.10082600000169,4.400448000069446,219.58343400001468,0.0,0.09796591579778825,49
GET,/d,1,135.79753399972105,135.79753399972105,135.79753399972105,135.79753399972105,0.0,0.03265530526592941,140
GET,/d,3,72,139.170373666578,1.4462819999607746,343.7440120001156,0.0,0.09796591579778825,72
GET,/d,3,3,36.63454533337548,1.98567000006733,105.0131090000832,0.0,0.09796591579778825,3
GET,/d,3,350.0,305.0265523334019,201.09025300007488,363.93435800027873,223.0,0.09796591579778825,350
GET,/d,1,4.252592999819171,4.252592999819171,4.252592999819171,4.252592999819171,378.0,0.03265530526592941,4
GET,/d,3,110.0,105.20657733316814,19.549118999748316,182.6773279999543,176.0,0.09796591579778825,110
GET,/d,5,4,19.69320179987335,1.5242959998431616,58.55669999982638,0.0,0.16327652632964706,4
GET,/d,2,3.3417879999433353,3.7919174999387906,3.3417879999433353,4.242046999934246,0.0,0.06531061053185883,4
GET,/d,6,3,30.054897166640632,1.7906719999700726,71.23318399999334,0.0,0.1959318315955765,34
GET,/d,3,27,29.1743086668248,4.887524999958259,55.891049000365456,194.0,0.09796591579778825,27
GET,/d,3,310.0,220.6140279998484,3.2065729997157177,352.3552209999252,209.0,0.09796591579778825,310
GET,/d,3,190.0,187.38524366669176,12.217273999794998,363.78985600003944,0.0,0.09796591579778825,190
GET,/d,5,91,93.97200220018931,2.0238030001564766,226.3207890000558,358.0,0.16327652632964706,91
GET,/d,1,20.959782000318228,20.959782000318228,20.959782000318228,20.959782000318228,164.0,0.03265530526592941,21
GET,/d,4,8,252.20328675004566,1.7337510003017087,740.292228999806,403.0,0.13062122106371765,260
GET,/d,3,2,34.461305666657914,1.3947390002613247,99.50434899974425,0.0,0.09796591579778825,2
GET,/d,3,92,97.81135966659349,1.793675000044459,199.32032499991692,543.0,0.09796591579778825,92
GET,/d,2,4,47.78501250007139,3.7259169998833386,91.84410800025944,467.0,0.06531061053185883,92
GET,/d,4,3,28.514474249959676,1.770837000094616,78.67279599986432,157.0,0.13062122106371765,31
GET,/d,1,15.527841999755765,15.527841999755765,15.527841999755765,15.527841999755765,0.0,0.03265530526592941,16
GET,/d,2,1.2601550001818396,255.8155515002909,1.2601550001818396,510.37094800039995,0.0,0.06531061053185883,510
GET,/d,1,5.567713000345975,5.567713000345975,5.567713000345975,5.567713000345975,195.0,0.03265530526592941,6
GET,/d,5,89,140.78279519999342,10.580183999991277,356.8218129998968,640.0,0.16327652632964706,89
GET,/d,4,4,45.10191800011398,2.6097059999301564,107.08286900035091,0.0,0.13062122106371765,66
GET,/d,2,4.111233000003267,33.69908750005379,4.111233000003267,63.28694200010432,204.0,0.06531061053185883,63
GET,/d,5,47,49.25896520007882,1.6972240000541206,107.97028500019223,232.0,0.16327652632964706,47
GET,/d,3,4,20.33209066667041,2.3505929998464126,55.05567499994868,165.0,0.09796591579778825,4
GET,/d,3,47,63.51562733319346,31.3859639995826,112.089479000133,0.0,0.09796591579778825,47
GET,/d,3,100.0,81.16062800005845,36.94781000012881,105.52016400015418,0.0,0.09796591579778825,100
GET,/d,3,340.0,292.3228370000288,69.83914500005994,465.46970100007456,382.0,0.09796591579778825,340
GET,/d,3,3,39.97091100003066,2.854640999885305,113.88189900026191,402.0,0.09796591579778825,3
GET,/d,3,5,9.409985333453127,3.090916000019206,19.714573000328528,251.0,0.09796591579778825,5
GET,/d,1,2.4707899997338245,2.4707899997338245,2.4707899997338245,2.4707899997338245,191.0,0.03265530526592941,2
GET,/d,2,42.00351300005423,75.0100160000784,42.00351300005423,108.01651900010256,0.0,0.06531061053185883,110
GET,/d,1,2.980006999678153,2.980006999678153,2.980006999678153,2.980006999678153,0.0,0.03265530526592941,3
GET,/d,4,82,106.8230114999551,0.9404190000168455,206.11907600004997,612.0,0.13062122106371765,140
GET,/d,2,6,56.70320550007091,5.503806999968219,107.9026040001736,694.0,0.06531061053185883,110
GET,/d,2,2.369171000282222,8.903877500188173,2.369171000282222,15.438584000094124,0.0,0.06531061053185883,15
GET,/d,4,2,34.483009250038776,1.1512709997987258,129.58972199976415,456.0,0.13062122106371765,5
GET,/d,2,8,107.22367650009801,7.977741000104288,206.46961200009173,236.0,0.06531061053185883,210
GET,/d,3,2,2.3350650000490227,1.8824439998752496,3.0170230002113385,242.0,0.09796591579778825,2
GET,/d,1,306.83042400005434,306.83042400005434,306.83042400005434,306.83042400005434,0.0,0.03265530526592941,310
GET,/d,4,5,49.421402499888245,4.564575999665976,124.96367899984762,233.0,0.13062122106371765,63
GET,/d,2,1.3943899998594134,4.658792499867559,1.3943899998594134,7.9231949998757045,224.0,0.06531061053185883,8
GET,/d,2,1.3112789997649088,66.83787149995624,1.3112789997649088,132.36446400014756,252.0,0.06531061053185883,130
GET,/d,1,134.3057150002096,134.3057150002096,134.3057150002096,134.3057150002096,406.0,0.03265530526592941,130
GET,/d,2,61.37474199977078,78.6906015000568,61.37474199977078,96.00646100034282,0.0,0.06531061053185883,96
GET,/d,2,104.38118699994448,115.08331449999787,104.38118699994448,125.78544200005126,0.0,0.06531061053185883,130
GET,/d,2,170.0,218.11826299995118,168.75786599985076,267.4786600000516,172.0,0.06531061053185883,270
GET,/d,3,43,50.393016999957275,5.786946000171156,102.20421499980148,246.0,0.09796591579778825,43
GET,/d,3,21,21.45167733321311,1.2195059998703073,41.71569699974498,0.0,0.09796591579778825,21
GET,/d,3,3,34.07566333332094,1.3684790001207148,97.82654199989338,195.0,0.09796591579778825,3
GET,/d,3,47,40.68443633332208,1.5110260001165443,73.23177599982955,124.0,0.09796591579778825,47
GET,/d,3,84,162.43652099986625,34.91171499990742,368.23598000000857,0.0,0.09796591579778825,84
GET,/d,2,104.4295870001406,131.59344599989709,104.4295870001406,158.75730499965357,0.0,0.06531061053185883,160
GET,/d,3,2,2.3657253333719077,1.3063890000921674,3.7918469997748616,248.0,0.09796591579778825,2
GET,/d,4,55,61.703211750000264,28.62190800033204,108.02420199979679,214.0,0.13062122106371765,55
GET,/d,2,88,222.84445850004886,87.51273000007131,358.1761870000264,0.0,0.06531061053185883,360
GET,/d,5,81,101.37927680016219,4.042090000439202,298.44460599997547,212.0,0.16327652632964706,81
GET,/d,4,2,86.84475150005255,1.7693009999675269,338.68510599995716,184.0,0.13062122106371765,5
GET,/d,5,3,104.82156819998636,1.583521999691584,393.28080199993565,444.0,0.16327652632964706,3
GET,/d,2,300.1440590001039,351.0119895001935,300.1440590001039,401.87992000028316,0.0,0.06531061053185883,400
GET,/d,2,2,29.062749500099017,1.6657250002936053,56.45977399990443,0.0,0.06531061053185883,56
GET,/d,2,1.3893609998376633,2.220303500052978,1.3893609998376633,3.051246000268293,231.0,0.06531061053185883,3
GET,/d,5,120.0,263.55978980000145,27.232407000155945,769.0211419999287,0.0,0.16327652632964706,120
GET,/d,3,60,88.26921166670824,1.5282059998753539,202.82820100010213,0.0,0.09796591579778825,60
GET,/d,3,2.243666000140365,40.07727933336961,2.243666000140365,115.6176049998976,0.0,0.09796591579778825,2
GET,/d,1,154.419783999856,154.419783999856,154.419783999856,154.419783999856,0.0,0.03265530526592941,150
GET,/d,3,33,27.70837833350015,1.4439779997701407,48.48950500036153,167.0,0.09796591579778825,33
GET,/d,3,370.0,441.4268743331983,41.6186839997863,913.6421260000134,0.0,0.09796591579778825,370
GET,/d,2,7.123577000129444,37.73436900019078,7.123577000129444,68.34516100025212,410.0,0.06531061053185883,68
GET,/d,5,130.0,136.2309709999863,1.489863000188052,373.4023819997674,0.0,0.16327652632964706,130
GET,/d,2,58.44299999989744,194.96133749976252,58.44299999989744,331.4796749996276,0.0,0.06531061053185883,330
GET,/d,2,3.160407999985182,9.418575999916357,3.160407999985182,15.676743999847531,0.0,0.06531061053185883,16
GET,/d,2,3,55.51031100003456,2.9947429998173902,108.02587900025173,232.0,0.06531061053185883,110
GET,/d,1,2.5629120000303374,2.5629120000303374,2.5629120000303374,2.5629120000303374,0.0,0.03265530526592941,3
GET,/d,6,10,96.32452283328045,1.6869569999471423,352.9763879996608,171.0,0.1959318315955765,100
GET,/d,2,33.038699999906385,153.00042099988787,33.038699999906385,272.96214199986935,192.0,0.06531061053185883,270
GET,/d,3,5,6.677939999917726,3.667388999929244,11.134726999898703,180.0,0.09796591579778825,5
GET,/d,5,4,110.71805439987656,1.735216999804834,332.30213099977846,420.0,0.16327652632964706,4
GET,/d,1,7.435071000145399,7.435071000145399,7.435071000145399,7.435071000145399,0.0,0.03265530526592941,7
GET,/d,5,62,55.82626800005528,1.5541180000582244,141.18659199994,224.0,0.16327652632964706,62
GET,/d,4,3,2.513306749960975,1.1117409999314987,3.346814999986236,329.0,0.13062122106371765,3
GET,/d,2,14,20.84621950007204,13.520032000087667,28.17240700005641,159.0,0.06531061053185883,28
GET,/d,2,2.081493000332557,58.355174000098486,2.081493000332557,114.62885499986442,427.0,0.06531061053185883,110
GET,/d,4,2,120.7125237500577,1.4366440000230796,348.1276379998235,323.0,0.13062122106371765,130
GET,/d,6,97,126.26543083327608,1.7280239999308833,338.5195819996625,0.0,0.1959318315955765,120
GET,/d,4,62,134.02337850004642,44.80507500011299,348.80608100002064,218.0,0.13062122106371765,80
GET,/d,3,9,30.934645666548022,2.660620999904495,81.43230699988635,0.0,0.09796591579778825,9
GET,/d,2,32.229091999852244,99.57247900001676,32.229091999852244,166.91586600018127,210.0,0.06531061053185883,170
GET,/d,1,3.981258000294474,3.981258000294474,3.981258000294474,3.981258000294474,213.0,0.03265530526592941,4
GET,/d,2,2.307150999968144,21.872088999998596,2.307150999968144,41.43702700002905,0.0,0.06531061053185883,41
GET,/d,2,2,7.442613499961226,1.8726659995991213,13.01256100032333,214.0,0.06531061053185883,13
GET,/d,1,119.37781000005998,119.37781000005998,119.37781000005998,119.37781000005998,226.0,0.03265530526592941,120
GET,/d,2,7.418798000344395,85.3138370000579,7.418798000344395,163.2088759997714,0.0,0.06531061053185883,160
GET,/d,1,3.9864260002104857,3.9864260002104857,3.9864260002104857,3.9864260002104857,0.0,0.03265530526592941,4
GET,/d,1,359.7742360002485,359.7742360002485,359.7742360002485,359.7742360002485,198.0,0.03265530526592941,360
GET,/d,4,110.0,180.5149755000457,46.223001999806,306.57397400000264,188.0,0.13062122106371765,260
GET,/d,5,140.0,279.60771619991647,1.3932030001342355,783.7581599997065,196.0,0.16327652632964706,140
GET,/d,1,6.915030000072875,6.915030000072875,6.915030000072875,6.915030000072875,229.0,0.03265530526592941,7
GET,/d,3,96,109.01367233327619,3.1599189996995847,227.74633300014102,0.0,0.09796591579778825,96
GET,/d,3,84,101.34675033350504,1.3105800003359036,218.9190399999461,191.0,0.09796591579778825,84
GET,/d,3,78,104.53367533348985,28.270114999941143,206.99510100030238,0.0,0.09796591579778825,78
GET,/d,3,250.0,253.2848709999295,137.66419500007032,372.11910999985776,215.0,0.09796591579778825,250
GET,/d,3,31,50.4298006665825,21.745221999935893,98.56748899983359,0.0,0.09796591579778825,31
GET,/d,3,95,110.52439133345615,94.56367500024498,142.2593530000995,215.0,0.09796591579778825,95
GET,/d,4,2.2011319997545797,40.07638874998065,2.2011319997545797,96.88563400004568,0.0,0.13062122106371765,59
GET,/d,1,1788.213187999645,1788.213187999645,1788.213187999645,1788.213187999645,634.0,0.03265530526592941,1800
GET,/d,2,3,7.176935999950729,2.8255170000193175,11.52835499988214,463.0,0.06531061053185883,12
GET,/d,2,2.090990999931819,2.3814979999770003,2.090990999931819,2.6720050000221818,459.0,0.06531061053185883,3
GET,/d,3,33,35.95012133321992,1.9653459999062761,73.04012899976442,213.0,0.09796591579778825,33
GET,/d,1,85.25034900003448,85.25034900003448,85.25034900003448,85.25034900003448,209.0,0.03265530526592941,85
GET,/d,2,1.3899900000069465,102.22391649995188,1.3899900000069465,203.05784299989682,438.0,0.06531061053185883,200
GET,/d,5,110.0,125.43704320005418,2.9455050002979988,351.4375770000697,0.0,0.16327652632964706,110
GET,/d,2,113.97360099999787,115.52796299997681,113.97360099999787,117.08232499995574,0.0,0.06531061053185883,120
GET,/d,4,2,74.27885999982209,1.2014869998893118,291.0643529999106,582.0,0.13062122106371765,3
GET,/d,1,161.19742999990194,161.19742999990194,161.19742999990194,161.19742999990194,250.0,0.03265530526592941,160
GET,/d,2,22.350330000335816,24.575347500103817,22.350330000335816,26.800364999871817,0.0,0.06531061053185883,27
GET,/d,4,4,75.51039424993178,3.0200259998309775,221.0540910000418,0.0,0.13062122106371765,74
GET,/d,1,532.6934199997595,532.6934199997595,532.6934199997595,532.6934199997595,388.0,0.03265530526592941,530
GET,/d,5,6,508.4959689997959,2.9487879996850097,2236.2395739996828,231.0,0.16327652632964706,6
GET,/d,2,340.0328430002446,353.49892149997686,340.0328430002446,366.9649999997091,336.0,0.06531061053185883,370
GET,/d,2,58.4620670001641,118.53307849992234,58.4620670001641,178.60408999968058,0.0,0.06531061053185883,180
GET,/d,2,99.49373399967953,122.75706849982271,99.49373399967953,146.02040299996588,194.0,0.06531061053185883,150
GET,/d,2,6.388911999692937,192.38721549982074,6.388911999692937,378.38551899994854,0.0,0.06531061053185883,380
GET,/d,4,4,65.12680050013842,1.8399100003989588,142.17310699996233,0.0,0.13062122106371765,110
GET,/d,1,2.5366519998897274,2.5366519998897274,2.5366519998897274,2.5366519998897274,0.0,0.03265530526592941,3
GET,/d,2,76.31207499980519,78.59296649985481,76.31207499980519,80.87385799990443,232.0,0.06531061053185883,81
GET,/d,4,40,79.81544124993434,2.180038999995304,167.27925199984384,179.0,0.13062122106371765,110
GET,/d,2,78.4726279998722,191.59083949989508,78.4726279998722,304.70905099991796,0.0,0.06531061053185883,300
GET,/d,2,90,124.56848400006493,89.90774699987014,159.2292210002597,214.0,0.06531061053185883,160
GET,/d,4,2,78.80678700007593,1.7009950001920515,301.90937799989115,364.0,0.13062122106371765,10
GET,/d,3,30,32.33369199991406,2.1134799999344978,65.14333199993416,384.0,0.09796591579778825,30
GET,/d,2,174.52846700007285,201.7210649999015,174.52846700007285,228.91366299973015,0.0,0.06531061053185883,230
GET,/d,4,4,65.85434050009553,1.5058580002005328,208.69385400010287,0.0,0.13062122106371765,50
GET,/d,1,6.494861999726709,6.494861999726709,6.494861999726709,6.494861999726709,0.0,0.03265530526592941,6
GET,/d,1,1.9710029996531375,1.9710029996531375,1.9710029996531375,1.9710029996531375,0.0,0.03265530526592941,2
GET,/d,1,1.3098119998176116,1.3098119998176116,1.3098119998176116,1.3098119998176116,0.0,0.03265530526592941,1
GET,/d,2,1,53.200958499928674,0.9351109997624008,105.46680600009495,648.0,0.06531061053185883,110
GET,/d,1,34.62208099972486,34.62208099972486,34.62208099972486,34.62208099972486,552.0,0.03265530526592941,35
GET,/d,1,1.4626950001002115,1.4626950001002115,1.4626950001002115,1.4626950001002115,232.0,0.03265530526592941,1
GET,/d,4,47,93.88207050005803,3.7062210003568907,181.5903110000363,221.0,0.13062122106371765,140
GET,/d,2,2.423578000161797,43.471133500133874,2.423578000161797,84.51868900010595,0.0,0.06531061053185883,85
GET,/d,2,2,149.5940709999104,1.8718279998211074,297.3163139999997,323.0,0.06531061053185883,300
GET,/d,2,190.0,216.16255399999318,185.2251459999934,247.09996199999296,0.0,0.06531061053185883,250
GET,/d,3,22,37.46899266661785,2.1873730001971126,88.13041399980648,0.0,0.09796591579778825,22
GET,/d,1,142.68629600019267,142.68629600019267,142.68629600019267,142.68629600019267,234.0,0.03265530526592941,140
GET,/d,2,1.2440210002750973,1.4155520000258548,1.2440210002750973,1.5870829997766123,0.0,0.06531061053185883,2
GET,/d,3,41,127.0772366666885,1.366035000046395,338.88087200011796,217.0,0.09796591579778825,41
GET,/d,1,65.07586899988382,65.07586899988382,65.07586899988382,65.07586899988382,0.0,0.03265530526592941,65
GET,/d,4,4,161.71923799993237,1.2076339999111951,480.46513700001015,0.0,0.13062122106371765,160
GET,/d,3,140.0,179.0690726666071,56.29382999995869,339.3356120000135,226.0,0.09796591579778825,140
GET,/d,2,30,192.29959549966225,29.520421999677637,355.07876899964685,225.0,0.06531061053185883,360
GET,/d,3,54,65.57765800016568,45.03443400017204,97.43298300008973,0.0,0.09796591579778825,54
GET,/d,2,1.4983840001150384,26.78018150004391,1.4983840001150384,52.06197899997278,0.0,0.06531061053185883,52
GET,/d,5,4,75.58473139997659,1.7574979997334594,363.81870000013805,198.0,0.16327652632964706,4
GET,/d,2,27.42901100009476,194.0485054999499,27.42901100009476,360.66799999980503,486.0,0.06531061053185883,360
GET,/d,2,3.200428000127431,31.108832999962033,3.200428000127431,59.017237999796635,249.0,0.06531061053185883,59
GET,/d,1,44.15834099972926,44.15834099972926,44.15834099972926,44.15834099972926,0.0,0.03265530526592941,44
GET,/d,2,90.05015399998229,125.30611900001531,90.05015399998229,160.56208400004834,0.0,0.06531061053185883,160
GET,/d,3,37,33.37044800006576,1.4969180001571658,61.753986999974586,193.0,0.09796591579778825,37
GET,/d,4,71,106.01013899997724,2.5105310000981262,184.41672800008746,245.0,0.13062122106371765,170
GET,/d,2,53.31577900005868,707.6912995000839,53.31577900005868,1362.0668200001091,0.0,0.06531061053185883,1400
GET,/d,1,59.25141399984568,59.25141399984568,59.25141399984568,59.25141399984568,276.0,0.03265530526592941,59
GET,/d,5,31,98.63659220000045,1.2725159999718016,348.597103999964,194.0,0.16327652632964706,31
GET,/d,4,280.0,223.15618175002783,1.9952379998358083,332.53135099994324,0.0,0.13062122106371765,280
GET,/d,5,96,156.31411419999495,2.204834000167466,349.27059799974813,0.0,0.16327652632964706,96
GET,/d,7,110.0,109.06717657137831,1.5363780003099237,307.1174830001837,378.0,0.22858713686150592,110
GET,/d,3,86,155.40411066664697,5.49500800025271,374.41313099998297,176.0,0.09796591579778825,86
GET,/d,2,2.499426000213134,2.5307150001481205,2.499426000213134,2.562004000083107,1247.0,0.06531061053185883,3
GET,/d,3,65,68.85581900011555,4.511147000357596,136.74800799981313,502.0,0.09796591579778825,65
GET,/d,5,15,35.794361399894115,1.5576109999528853,113.27127200001996,463.0,0.16327652632964706,15
GET,/d,2,49.43048099994485,86.80635399991843,49.43048099994485,124.18222699989201,0.0,0.06531061053185883,120
GET,/d,4,20,79.63898650007195,2.480499000284908,183.97959699996136,349.0,0.13062122106371765,110
GET,/d,2,104.68618400000196,220.88298950006902,104.68618400000196,337.0797950001361,454.0,0.06531061053185883,340
GET,/d,1,1.7689510000309383,1.7689510000309383,1.7689510000309383,1.7689510000309383,144.0,0.03265530526592941,2
GET,/d,4,4,84.30713874986395,3.2413549997727387,322.5237289998404,0.0,0.13062122106371765,8
GET,/d,3,120.0,117.55342766658335,28.044455999861384,201.73308499988707,238.0,0.09796591579778825,120
GET,/d,3,53,45.54129900013019,19.66673200013247,63.512528000046586,182.0,0.09796591579778825,53
GET,/d,1,2.2980029998507234,2.2980029998507234,2.2980029998507234,2.2980029998507234,0.0,0.03265530526592941,2
GET,/d,5,48,62.22713619981732,2.8673519996118557,154.0341879999687,0.0,0.16327652632964706,48
GET,/d,1,1.8954350002786668,1.8954350002786668,1.8954350002786668,1.8954350002786668,431.0,0.03265530526592941,2
GET,/d,5,48,41.9925767998393,2.1968020000713295,98.67490899978293,0.0,0.16327652632964706,48
GET,/d,4,2,13.652661249921039,1.2539389999801642,48.59503599982418,244.0,0.13062122106371765,3
GET,/d,1,34.14862299996457,34.14862299996457,34.14862299996457,34.14862299996457,0.0,0.03265530526592941,34
GET,/d,1,172.51102299997,172.51102299997,172.51102299997,172.51102299997,207.0,0.03265530526592941,170
GET,/d,1,11.495739000110916,11.495739000110916,11.495739000110916,11.495739000110916,219.0,0.03265530526592941,11
GET,/d,6,3,77.4509613331702,0.9060560000762052,246.77533999965817,0.0,0.1959318315955765,62
GET,/d,4,2,65.94930849996672,1.4876979998916795,155.4603549998319,221.0,0.13062122106371765,110
GET,/d,3,73,81.89275500005049,44.29669599994668,128.0115089998617,0.0,0.09796591579778825,73
GET,/d,4,41,66.1614534999444,5.235614999946847,153.44178999976066,165.0,0.13062122106371765,65
GET,/d,2,81.07011300035083,106.52899500018975,81.07011300035083,131.98787700002867,0.0,0.06531061053185883,130
GET,/d,2,6,30.813088500281083,5.927678000261949,55.69849900030022,0.0,0.06531061053185883,56
GET,/d,1,115.21280299984937,115.21280299984937,115.21280299984937,115.21280299984937,0.0,0.03265530526592941,120
GET,/d,4,27,26.04843275003077,3.257627000039065,47.379721000197605,531.0,0.13062122106371765,27
GET,/d,2,32,37.84150550018239,31.524740000349993,44.15827100001479,0.0,0.06531061053185883,44
GET,/d,1,168.67224399993574,168.67224399993574,168.67224399993574,168.67224399993574,197.0,0.03265530526592941,170
GET,/d,1,173.4487829999125,173.4487829999125,173.4487829999125,173.4487829999125,452.0,0.03265530526592941,170
GET,/d,4,2,39.8268597501783,1.1671250003928435,91.0502820001966,0.0,0.13062122106371765,65
GET,/d,1,4.3766320000031556,4.3766320000031556,4.3766320000031556,4.3766320000031556,0.0,0.03265530526592941,4
GET,/d,2,45.436374000018986,205.94520550002926,45.436374000018986,366.45403700003953,154.0,0.06531061053185883,370
GET,/d,8,49,127.77473587499344,2.1882109999751265,472.2236770003292,0.0,0.2612424421274353,51
GET,/d,1,2.38740000031612,2.38740000031612,2.38740000031612,2.38740000031612,419.0,0.03265530526592941,2
GET,/d,1,1.470027999857848,1.470027999857848,1.470027999857848,1.470027999857848,460.0,0.03265530526592941,1
GET,/d,1,3.0691950000800716,3.0691950000800716,3.0691950000800716,3.0691950000800716,0.0,0.03265530526592941,3
GET,/d,3,4,22.548075666691147,2.0949029999428603,61.56185000008918,576.0,0.09796591579778825,4
GET,/d,4,69,98.42401925004651,20.798377000119217,180.2788929999224,374.0,0.13062122106371765,120
GET,/d,5,120.0,128.9893022000797,3.7318529998628946,351.64262499984034,0.0,0.16327652632964706,120
GET,/d,1,135.24382200012042,135.24382200012042,135.24382200012042,135.24382200012042,0.0,0.03265530526592941,140
GET,/d,5,5,88.03473179996217,2.9018539999015047,303.9469469999858,430.0,0.16327652632964706,5
GET,/d,2,150.0,616.6052859998672,148.84752899979503,1084.3630429999394,0.0,0.06531061053185883,1100
GET,/d,3,62,113.35670899992085,3.773688999899605,274.42260399993756,408.0,0.09796591579778825,62
GET,/d,6,78,108.2823339999474,1.5268799998011673,269.03535599967654,244.0,0.1959318315955765,120
GET,/d,4,3,86.80387400011114,2.201690000219969,257.4619629999688,469.0,0.13062122106371765,85
GET,/d,1,354.7318720002295,354.7318720002295,354.7318720002295,354.7318720002295,210.0,0.03265530526592941,350
GET,/d,2,2.3011459998087958,2.552365999918038,2.3011459998087958,2.8035860000272805,0.0,0.06531061053185883,3
GET,/d,1,1.702391999970132,1.702391999970132,1.702391999970132,1.702391999970132,424.0,0.03265530526592941,2
GET,/d,5,51,161.29580039978464,22.785303999626194,377.4923139999373,241.0,0.16327652632964706,51
GET,/d,2,1.365126999644417,54.4557679997979,1.365126999644417,107.54640899995138,426.0,0.06531061053185883,110
GET,/d,1,33.80227700017713,33.80227700017713,33.80227700017713,33.80227700017713,0.0,0.03265530526592941,34
GET,/d,3,140.0,96.55886200016539,2.8098030002183805,147.6165620001666,435.0,0.09796591579778825,140
GET,/d,3,21,67.47297400003542,2.3171389998424274,178.97480100009489,189.0,0.09796591579778825,21
GET,/d,1,206.32783300015944,206.32783300015944,206.32783300015944,206.32783300015944,0.0,0.03265530526592941,210
GET,/d,2,42.243071000029886,383.75006100000064,42.243071000029886,725.2570509999714,0.0,0.06531061053185883,730
GET,/d,3,4,113.5657260001608,1.8228690000796632,335.04991500012693,390.0,0.09796591579778825,4
GET,/d,2,53.06986599998709,411.6473300000507,53.06986599998709,770.2247940001143,818.0,0.06531061053185883,770
GET,/d,3,54,115.96946766667315,4.72479200016096,289.131351999913,0.0,0.09796591579778825,54
GET,/d,1,2.337253000405326,2.337253000405326,2.337253000405326,2.337253000405326,446.0,0.03265530526592941,2
GET,/d,5,2,35.5409189999591,1.234591999946133,108.25887099963438,250.0,0.16327652632964706,2
GET,/d,1,78.70059399965612,78.70059399965612,78.70059399965612,78.70059399965612,105.0,0.03265530526592941,79
GET,/d,3,2,68.4695020001224,1.183398000193847,202.5690910004414,175.0,0.09796591579778825,2
GET,/d,5,100.0,127.60872999997446,3.5869309999725374,357.39675300010276,220.0,0.16327652632964706,100
GET,/d,3,120.0,84.06199200029126,2.177385000322829,131.94408700019267,594.0,0.09796591579778825,120
GET,/d,1,80.35360700023375,80.35360700023375,80.35360700023375,80.35360700023375,193.0,0.03265530526592941,80
GET,/d,1,395.89672700003575,395.89672700003575,395.89672700003575,395.89672700003575,0.0,0.03265530526592941,400
GET,/d,1,305.4254180001408,305.4254180001408,305.4254180001408,305.4254180001408,113.0,0.03265530526592941,310
GET,/d,2,3,75.02363399999012,2.6397379997433745,147.40753000023687,145.0,0.06531061053185883,150
GET,/d,1,17.73875099979705,17.73875099979705,17.73875099979705,17.73875099979705,0.0,0.03265530526592941,18
GET,/d,1,72.31922400023905,72.31922400023905,72.31922400023905,72.31922400023905,0.0,0.03265530526592941,72
GET,/d,3,34,44.446227666715764,2.951023000150599,96.03642499996567,0.0,0.09796591579778825,34
GET,/d,6,6,33.992154666672526,1.8359989999225945,96.17150099984428,0.0,0.1959318315955765,26
GET,/d,1,278.4257319999597,278.4257319999597,278.4257319999597,278.4257319999597,0.0,0.03265530526592941,280
GET,/d,1,4.350092000095174,4.350092000095174,4.350092000095174,4.350092000095174,385.0,0.03265530526592941,4
GET,/d,1,3.2303899997714325,3.2303899997714325,3.2303899997714325,3.2303899997714325,219.0,0.03265530526592941,3
GET,/d,2,3,32.525046500040844,2.546918000007281,62.50317500007441,0.0,0.06531061053185883,63
GET,/d,2,100.72804299989002,127.65272449996701,100.72804299989002,154.577406000044,169.0,0.06531061053185883,150
GET,/d,3,31,30.222983666741737,3.7969459999658284,55.388262000178656,717.0,0.09796591579778825,31
GET,/d,2,2,102.79106600000887,1.7643420001149934,203.81778999990274,252.0,0.06531061053185883,200
GET,/d,4,23,65.28368324995881,2.392078999946534,129.28786700013006,177.0,0.13062122106371765,110
GET,/d,2,101.61915699973179,117.10187999983646,101.61915699973179,132.58460299994113,243.0,0.06531061053185883,130
GET,/d,1,637.9778020000231,637.9778020000231,637.9778020000231,637.9778020000231,0.0,0.03265530526592941,640
GET,/d,2,29,56.5587390001383,28.932635000273876,84.18484300000273,392.0,0.06531061053185883,84
GET,/d,4,2,54.610329000070124,1.472543000090809,114.97226600022259,236.0,0.13062122106371765,100
GET,/d,2,270.0,746.3619589998416,268.7737979999838,1223.9501199996994,150.0,0.06531061053185883,1200
GET,/d,3,38,44.99811799996678,2.037702000052377,95.17604799975743,157.0,0.09796591579778825,38
GET,/d,2,36.438384000121005,44.149366000056034,36.438384000121005,51.86034799999106,673.0,0.06531061053185883,52
GET,/d,4,56,213.19631475000733,5.231494999861752,448.7327650003863,223.0,0.13062122106371765,340
GET,/d,1,77.77155600024344,77.77155600024344,77.77155600024344,77.77155600024344,242.0,0.03265530526592941,78
GET,/d,1,493.95031900030517,493.95031900030517,493.95031900030517,493.95031900030517,0.0,0.03265530526592941,490
GET,/d,2,6.441223999900103,105.55756400003702,6.441223999900103,204.67390400017393,0.0,0.06531061053185883,200
GET,/d,2,2,55.59967249996589,1.9381779998184356,109.26116700011335,0.0,0.06531061053185883,110
GET,/d,2,2.2762119997423724,90.0591254999199,2.2762119997423724,177.84203900009743,463.0,0.06531061053185883,180
GET,/d,5,50,53.43159020003441,2.0318360002420377,110.07803800021065,174.0,0.16327652632964706,50
GET,/d,2,4,18.9041300000099,3.966869999658229,33.84139000036157,0.0,0.06531061053185883,34
GET,/d,2,43.008117000226775,49.07355600016672,43.008117000226775,55.13899500010666,0.0,0.06531061053185883,55
GET,/d,2,6,54.000923000103285,5.542430000332388,102.45941599987418,256.0,0.06531061053185883,100
GET,/d,2,47.159927999928186,97.5822650000282,47.159927999928186,148.00460200012822,167.0,0.06531061053185883,150
GET,/d,2,120.0,233.00765000021784,116.0876410003766,349.92765900005907,0.0,0.06531061053185883,350
GET,/d,2,1.2242550001246855,1.9253959999332437,1.2242550001246855,2.626536999741802,540.0,0.06531061053185883,3
GET,/d,3,3,7.512687999981911,1.8529009998928814,18.034181000075478,226.0,0.09796591579778825,3
GET,/d,2,2.0848459998887847,31.404612999949677,2.0848459998887847,60.72438000001057,0.0,0.06531061053185883,61
GET,/d,2,32.21959600023183,328.27418400006536,32.21959600023183,624.3287719998989,223.0,0.06531061053185883,620
GET,/d,1,449.9775540002702,449.9775540002702,449.9775540002702,449.9775540002702,424.0,0.03265530526592941,450
GET,/d,7,110.0,280.40268971426485,1.6822779998619808,1092.5981509999474,359.0,0.22858713686150592,110
GET,/d,4,6,128.61123624998072,1.6122970000651549,395.8273569996891,141.0,0.13062122106371765,110
GET,/d,3,27,24.02795233319921,1.9059799997194204,43.48087700009273,489.0,0.09796591579778825,27
GET,/d,3,22,110.69352699981512,1.8014269999184762,307.89236599957803,0.0,0.09796591579778825,22
GET,/d,2,4,47.30069500010359,3.798901000209298,90.80248899999788,1062.0,0.06531061053185883,91
GET,/d,6,34,110.71039599990702,6.291203000273526,379.61550199997873,0.0,0.1959318315955765,94
GET,/d,2,3,240.46902099985346,2.654194999649917,478.283847000057,0.0,0.06531061053185883,480
GET,/d,2,45.45655899983103,79.68620049973651,45.45655899983103,113.915841999642,510.0,0.06531061053185883,110
GET,/d,1,110.28483900008723,110.28483900008723,110.28483900008723,110.28483900008723,0.0,0.03265530526592941,110
GET,/d,4,3,72.90231575007056,1.891662999696564,162.99697700014804,0.0,0.13062122106371765,120
GET,/d,1,90.5862600002365,90.5862600002365,90.5862600002365,90.5862600002365,0.0,0.03265530526592941,91
GET,/login,2371,49,103.96413587051771,0.5889750000278582,2238.5984789998474,372.0,77.42572878551864,49
GET,/profile,2294,80,148.63369381735225,1.1869599998135527,2305.2264410002863,372.0,74.91127028004207,80
GET,/register,2384,46,98.21061517868712,0.6134200002634316,2236.582776999967,489.0,77.85024775397572,46
GET,/search,2364,56,109.02209843146552,0.6132110001999536,2236.8237300001965,321.0,77.19714164865714,57
POST,/search,4620,61,114.06022328051998,2.2083260000727023,2241.552924000189,164996.0,150.8675103285939,61
,Aggregated,16452,0,112.29793940244225,0.5889750000278582,2305.2264410002863,46586.09512521274,537.2450822350708,0.0
